time,Total gas used
2025-01-01 00:00,6462.896
2025-01-01 00:15,6463.150
2025-01-01 00:30,6463.155
2025-01-01 00:45,6463.186
2025-01-01 01:00,6463.219
2025-01-01 01:15,6463.267
2025-01-01 01:30,6463.267
2025-01-01 01:45,6463.352
2025-01-01 02:00,6463.384
2025-01-01 02:15,6463.384
2025-01-01 02:30,6463.449
2025-01-01 02:45,6463.482
2025-01-01 03:00,6463.610
2025-01-01 03:15,6463.627
2025-01-01 03:30,6463.627
2025-01-01 03:45,6463.663
2025-01-01 04:00,6463.792
2025-01-01 04:15,6463.792
2025-01-01 04:30,6463.792
2025-01-01 04:45,6463.889
2025-01-01 05:00,6463.966
2025-01-01 05:15,6463.966
2025-01-01 05:30,6464.077
2025-01-01 05:45,6464.096
2025-01-01 06:00,6464.127
2025-01-01 06:15,6464.167
2025-01-01 06:30,6464.286
2025-01-01 06:45,6464.307
2025-01-01 07:00,6464.338
2025-01-01 07:15,6464.453
2025-01-01 07:30,6464.466
2025-01-01 07:45,6464.791
2025-01-01 08:00,6464.791
2025-01-01 08:15,6464.791
2025-01-01 08:30,6464.791
2025-01-01 08:45,6464.931
2025-01-01 09:00,6464.996
2025-01-01 09:15,6465.152
2025-01-01 09:30,6465.152
2025-01-01 09:45,6465.308
2025-01-01 10:00,6465.317
2025-01-01 10:15,6465.347
2025-01-01 10:30,6465.457
2025-01-01 10:45,6465.485
2025-01-01 11:00,6465.485
2025-01-01 11:15,6465.562
2025-01-01 11:30,6465.599
2025-01-01 11:45,6465.673
2025-01-01 12:00,6465.714
2025-01-01 12:15,6465.775
2025-01-01 12:30,6465.826
2025-01-01 12:45,6465.881
2025-01-01 13:00,6465.924
2025-01-01 13:15,6465.984
2025-01-01 13:30,6465.995
2025-01-01 13:45,6466.019
2025-01-01 14:00,6466.144
2025-01-01 14:15,6466.188
2025-01-01 14:30,6466.248
2025-01-01 14:45,6466.272
2025-01-01 15:00,6466.273
2025-01-01 15:15,6466.310
2025-01-01 15:30,6466.394
2025-01-01 15:45,6466.436
2025-01-01 16:00,6466.473
2025-01-01 16:15,6466.889
2025-01-01 16:30,6466.889
2025-01-01 16:45,6466.889
2025-01-01 17:00,6466.889
2025-01-01 17:15,6466.905
2025-01-01 17:30,6467.124
2025-01-01 17:45,6467.126
2025-01-01 18:00,6467.152
2025-01-01 18:15,6467.344
2025-01-01 18:30,6467.411
2025-01-01 18:45,6467.436
2025-01-01 19:00,6467.436
2025-01-01 19:15,6467.436
2025-01-01 19:30,6467.571
2025-01-01 19:45,6467.718
2025-01-01 20:00,6467.718
2025-01-01 20:15,6467.718
2025-01-01 20:30,6467.928
2025-01-01 20:45,6468.000
2025-01-01 21:00,6468.037
2025-01-01 21:15,6468.184
2025-01-01 21:30,6468.273
2025-01-01 21:45,6468.273
2025-01-01 22:00,6468.273
2025-01-01 22:15,6468.390
2025-01-01 22:30,6468.465
2025-01-01 22:45,6468.465
2025-01-01 23:00,6468.465
2025-01-01 23:15,6468.465
2025-01-01 23:30,6468.486
2025-01-01 23:45,6468.652
2025-01-02 00:00,6468.664
2025-01-02 00:15,6468.827
2025-01-02 00:30,6468.877
2025-01-02 00:45,6468.878
2025-01-02 01:00,6468.917
2025-01-02 01:15,6469.015
2025-01-02 01:30,6469.015
2025-01-02 01:45,6469.044
2025-01-02 02:00,6469.175
2025-01-02 02:15,6469.180
2025-01-02 02:30,6469.180
2025-01-02 02:45,6469.301
2025-01-02 03:00,6469.338
2025-01-02 03:15,6469.338
2025-01-02 03:30,6469.429
2025-01-02 03:45,6469.460
2025-01-02 04:00,6469.460
2025-01-02 04:15,6469.570
2025-01-02 04:30,6469.584
2025-01-02 04:45,6469.661
2025-01-02 05:00,6469.696
2025-01-02 05:15,6469.746
2025-01-02 05:30,6469.829
2025-01-02 05:45,6469.833
2025-01-02 06:00,6469.944
2025-01-02 06:15,6469.984
2025-01-02 06:30,6469.984
2025-01-02 06:45,6470.085
2025-01-02 07:00,6470.214
2025-01-02 07:15,6470.327
2025-01-02 07:30,6470.382
2025-01-02 07:45,6470.779
2025-01-02 08:00,6470.809
2025-01-02 08:15,6470.809
2025-01-02 08:30,6470.815
2025-01-02 08:45,6470.885
2025-01-02 09:00,6470.995
2025-01-02 09:15,6470.995
2025-01-02 09:30,6471.234
2025-01-02 09:45,6471.264
2025-01-02 10:00,6471.264
2025-01-02 10:15,6471.264
2025-01-02 10:30,6471.264
2025-01-02 10:45,6471.264
2025-01-02 11:00,6471.264
2025-01-02 11:15,6471.358
2025-01-02 11:30,6471.821
2025-01-02 11:45,6471.821
2025-01-02 12:00,6471.821
2025-01-02 12:15,6471.821
2025-01-02 12:30,6471.838
2025-01-02 12:45,6472.056
2025-01-02 13:00,6472.258
2025-01-02 13:15,6472.281
2025-01-02 13:30,6472.354
2025-01-02 13:45,6472.443
2025-01-02 14:00,6472.443
2025-01-02 14:15,6472.493
2025-01-02 14:30,6472.542
2025-01-02 14:45,6472.606
2025-01-02 15:00,6472.606
2025-01-02 15:15,6472.702
2025-01-02 15:30,6472.812
2025-01-02 15:45,6472.890
2025-01-02 16:00,6472.916
2025-01-02 16:15,6472.929
2025-01-02 16:30,6473.117
2025-01-02 16:45,6473.117
2025-01-02 17:00,6473.147
2025-01-02 17:15,6473.223
2025-01-02 17:30,6473.293
2025-01-02 17:45,6473.293
2025-01-02 18:00,6473.414
2025-01-02 18:15,6473.489
2025-01-02 18:30,6473.514
2025-01-02 18:45,6473.552
2025-01-02 19:00,6473.644
2025-01-02 19:15,6473.685
2025-01-02 19:30,6473.771
2025-01-02 19:45,6473.853
2025-01-02 20:00,6473.976
2025-01-02 20:15,6474.019
2025-01-02 20:30,6474.019
2025-01-02 20:45,6474.037
2025-01-02 21:00,6474.469
2025-01-02 21:15,6474.882
2025-01-02 21:30,6475.027
2025-01-02 21:45,6475.156
2025-01-02 22:00,6475.156
2025-01-02 22:15,6475.174
2025-01-02 22:30,6475.276
2025-01-02 22:45,6475.361
2025-01-02 23:00,6475.472
2025-01-02 23:15,6475.530
2025-01-02 23:30,6475.568
2025-01-02 23:45,6475.600
2025-01-03 00:00,6475.600
2025-01-03 00:15,6475.631
2025-01-03 00:30,6476.014
2025-01-03 00:45,6476.243
2025-01-03 01:00,6476.243
2025-01-03 01:15,6476.243
2025-01-03 01:30,6476.243
2025-01-03 01:45,6476.353
2025-01-03 02:00,6476.360
2025-01-03 02:15,6476.405
2025-01-03 02:30,6476.493
2025-01-03 02:45,6476.518
2025-01-03 03:00,6476.590
2025-01-03 03:15,6476.622
2025-01-03 03:30,6476.622
2025-01-03 03:45,6476.742
2025-01-03 04:00,6476.759
2025-01-03 04:15,6476.856
2025-01-03 04:30,6476.856
2025-01-03 04:45,6476.967
2025-01-03 05:00,6476.967
2025-01-03 05:15,6477.078
2025-01-03 05:30,6477.108
2025-01-03 05:45,6477.138
2025-01-03 06:00,6477.241
2025-01-03 06:15,6477.283
2025-01-03 06:30,6477.314
2025-01-03 06:45,6477.422
2025-01-03 07:00,6477.496
2025-01-03 07:15,6477.496
2025-01-03 07:30,6477.580
2025-01-03 07:45,6477.762
2025-01-03 08:00,6477.762
2025-01-03 08:15,6477.824
2025-01-03 08:30,6477.850
2025-01-03 08:45,6478.017
2025-01-03 09:00,6478.083
2025-01-03 09:15,6478.170
2025-01-03 09:30,6478.212
2025-01-03 09:45,6478.329
2025-01-03 10:00,6478.359
2025-01-03 10:15,6478.462
2025-01-03 10:30,6478.712
2025-01-03 10:45,6478.883
2025-01-03 11:00,6478.883
2025-01-03 11:15,6478.883
2025-01-03 11:30,6478.910
2025-01-03 11:45,6479.052
2025-01-03 12:00,6479.190
2025-01-03 12:15,6479.284
2025-01-03 12:30,6479.411
2025-01-03 12:45,6479.490
2025-01-03 13:00,6479.604
2025-01-03 13:15,6479.680
2025-01-03 13:30,6479.778
2025-01-03 13:45,6479.894
2025-01-03 14:00,6479.955
2025-01-03 14:15,6480.044
2025-01-03 14:30,6480.183
2025-01-03 14:45,6480.250
2025-01-03 15:00,6480.335
2025-01-03 15:15,6480.451
2025-01-03 15:30,6480.478
2025-01-03 15:45,6480.478
2025-01-03 16:00,6480.488
2025-01-03 16:15,6480.550
2025-01-03 16:30,6480.614
2025-01-03 16:45,6480.614
2025-01-03 17:00,6480.920
2025-01-03 17:15,6480.938
2025-01-03 17:30,6480.938
2025-01-03 17:45,6480.938
2025-01-03 18:00,6480.938
2025-01-03 18:15,6481.253
2025-01-03 18:30,6481.302
2025-01-03 18:45,6481.302
2025-01-03 19:00,6481.328
2025-01-03 19:15,6481.512
2025-01-03 19:30,6481.618
2025-01-03 19:45,6481.618
2025-01-03 20:00,6481.638
2025-01-03 20:15,6481.706
2025-01-03 20:30,6481.825
2025-01-03 20:45,6481.902
2025-01-03 21:00,6481.980
2025-01-03 21:15,6482.168
2025-01-03 21:30,6482.198
2025-01-03 21:45,6482.198
2025-01-03 22:00,6482.239
2025-01-03 22:15,6482.270
2025-01-03 22:30,6482.669
2025-01-03 22:45,6483.270
2025-01-03 23:00,6483.783
2025-01-03 23:15,6484.255
2025-01-03 23:30,6484.255
2025-01-03 23:45,6484.362
2025-01-04 00:00,6484.363
2025-01-04 00:15,6484.363
2025-01-04 00:30,6484.371
2025-01-04 00:45,6484.464
2025-01-04 01:00,6484.464
2025-01-04 01:15,6484.576
2025-01-04 01:30,6484.576
2025-01-04 01:45,6484.674
2025-01-04 02:00,6484.819
2025-01-04 02:15,6484.819
2025-01-04 02:30,6484.819
2025-01-04 02:45,6484.868
2025-01-04 03:00,6485.018
2025-01-04 03:15,6485.018
2025-01-04 03:30,6485.018
2025-01-04 03:45,6485.133
2025-01-04 04:00,6485.242
2025-01-04 04:15,6485.283
2025-01-04 04:30,6485.291
2025-01-04 04:45,6485.359
2025-01-04 05:00,6485.599
2025-01-04 05:15,6485.644
2025-01-04 05:30,6485.708
2025-01-04 05:45,6485.773
2025-01-04 06:00,6485.797
2025-01-04 06:15,6485.849
2025-01-04 06:30,6486.000
2025-01-04 06:45,6486.000
2025-01-04 07:00,6486.055
2025-01-04 07:15,6486.180
2025-01-04 07:30,6486.180
2025-01-04 07:45,6486.274
2025-01-04 08:00,6486.361
2025-01-04 08:15,6486.361
2025-01-04 08:30,6486.493
2025-01-04 08:45,6486.513
2025-01-04 09:00,6486.513
2025-01-04 09:15,6486.855
2025-01-04 09:30,6486.855
2025-01-04 09:45,6486.855
2025-01-04 10:00,6486.908
2025-01-04 10:15,6487.112
2025-01-04 10:30,6487.112
2025-01-04 10:45,6487.125
2025-01-04 11:00,6487.354
2025-01-04 11:15,6487.354
2025-01-04 11:30,6487.431
2025-01-04 11:45,6487.587
2025-01-04 12:00,6487.587
2025-01-04 12:15,6487.742
2025-01-04 12:30,6487.838
2025-01-04 12:45,6487.838
2025-01-04 13:00,6487.949
2025-01-04 13:15,6488.042
2025-01-04 13:30,6488.042
2025-01-04 13:45,6488.257
2025-01-04 14:00,6488.258
2025-01-04 14:15,6488.312
2025-01-04 14:30,6488.437
2025-01-04 14:45,6488.437
2025-01-04 15:00,6488.537
2025-01-04 15:15,6488.676
2025-01-04 15:30,6488.721
2025-01-04 15:45,6488.822
2025-01-04 16:00,6488.894
2025-01-04 16:15,6488.969
2025-01-04 16:30,6489.052
2025-01-04 16:45,6489.128
2025-01-04 17:00,6489.199
2025-01-04 17:15,6489.350
2025-01-04 17:30,6489.350
2025-01-04 17:45,6489.472
2025-01-04 18:00,6489.533
2025-01-04 18:15,6489.615
2025-01-04 18:30,6489.688
2025-01-04 18:45,6489.763
2025-01-04 19:00,6489.878
2025-01-04 19:15,6489.989
2025-01-04 19:30,6490.051
2025-01-04 19:45,6490.123
2025-01-04 20:00,6490.225
2025-01-04 20:15,6490.311
2025-01-04 20:30,6490.389
2025-01-04 20:45,6490.450
2025-01-04 21:00,6490.547
2025-01-04 21:15,6490.709
2025-01-04 21:30,6490.801
2025-01-04 21:45,6490.801
2025-01-04 22:00,6490.926
2025-01-04 22:15,6491.009
2025-01-04 22:30,6491.019
2025-01-04 22:45,6491.170
2025-01-04 23:00,6491.217
2025-01-04 23:15,6491.326
2025-01-04 23:30,6491.372
2025-01-04 23:45,6491.452
2025-01-05 00:00,6491.493
2025-01-05 00:15,6491.602
2025-01-05 00:30,6491.652
2025-01-05 00:45,6491.752
2025-01-05 01:00,6491.817
2025-01-05 01:15,6491.899
2025-01-05 01:30,6491.993
2025-01-05 01:45,6492.053
2025-01-05 02:00,6492.136
2025-01-05 02:15,6492.224
2025-01-05 02:30,6492.274
2025-01-05 02:45,6492.370
2025-01-05 03:00,6492.408
2025-01-05 03:15,6492.538
2025-01-05 03:30,6492.588
2025-01-05 03:45,6492.659
2025-01-05 04:00,6492.766
2025-01-05 04:15,6492.856
2025-01-05 04:30,6492.911
2025-01-05 04:45,6493.001
2025-01-05 05:00,6493.099
2025-01-05 05:15,6493.147
2025-01-05 05:30,6493.248
2025-01-05 05:45,6493.336
2025-01-05 06:00,6493.404
2025-01-05 06:15,6493.509
2025-01-05 06:30,6493.606
2025-01-05 06:45,6493.656
2025-01-05 07:00,6493.772
2025-01-05 07:15,6493.837
2025-01-05 07:30,6493.960
2025-01-05 07:45,6494.012
2025-01-05 08:00,6494.105
2025-01-05 08:15,6494.182
2025-01-05 08:30,6494.318
2025-01-05 08:45,6494.318
2025-01-05 09:00,6494.441
2025-01-05 09:15,6494.561
2025-01-05 09:30,6494.650
2025-01-05 09:45,6494.709
2025-01-05 10:00,6494.774
2025-01-05 10:15,6495.034
2025-01-05 10:30,6495.034
2025-01-05 10:45,6495.112
2025-01-05 11:00,6495.271
2025-01-05 11:15,6495.271
2025-01-05 11:30,6495.497
2025-01-05 11:45,6495.592
2025-01-05 12:00,6495.592
2025-01-05 12:15,6495.789
2025-01-05 12:30,6495.789
2025-01-05 12:45,6495.864
2025-01-05 13:00,6496.053
2025-01-05 13:15,6496.075
2025-01-05 13:30,6496.214
2025-01-05 13:45,6496.277
2025-01-05 14:00,6496.376
2025-01-05 14:15,6496.471
2025-01-05 14:30,6496.518
2025-01-05 14:45,6496.632
2025-01-05 15:00,6496.697
2025-01-05 15:15,6496.789
2025-01-05 15:30,6496.853
2025-01-05 15:45,6496.921
2025-01-05 16:00,6497.088
2025-01-05 16:15,6497.088
2025-01-05 16:30,6497.088
2025-01-05 16:45,6497.088
2025-01-05 17:00,6497.388
2025-01-05 17:15,6497.465
2025-01-05 17:30,6497.465
2025-01-05 17:45,6497.465
2025-01-05 18:00,6497.483
2025-01-05 18:15,6497.699
2025-01-05 18:30,6497.699
2025-01-05 18:45,6497.699
2025-01-05 19:00,6497.741
2025-01-05 19:15,6497.937
2025-01-05 19:30,6497.937
2025-01-05 19:45,6497.937
2025-01-05 20:00,6498.069
2025-01-05 20:15,6498.135
2025-01-05 20:30,6498.135
2025-01-05 20:45,6498.135
2025-01-05 21:00,6498.338
2025-01-05 21:15,6498.338
2025-01-05 21:30,6498.338
2025-01-05 21:45,6498.338
2025-01-05 22:00,6498.423
2025-01-05 22:15,6498.457
2025-01-05 22:30,6498.820
2025-01-05 22:45,6498.925
2025-01-05 23:00,6498.925
2025-01-05 23:15,6498.925
2025-01-05 23:30,6498.925
2025-01-05 23:45,6498.925
2025-01-06 00:00,6499.067
2025-01-06 00:15,6499.067
2025-01-06 00:30,6499.067
2025-01-06 00:45,6499.098
2025-01-06 01:00,6499.505
2025-01-06 01:15,6499.507
2025-01-06 01:30,6499.507
2025-01-06 01:45,6499.514
2025-01-06 02:00,6499.514
2025-01-06 02:15,6499.514
2025-01-06 02:30,6499.864
2025-01-06 02:45,6499.864
2025-01-06 03:00,6499.864
2025-01-06 03:15,6499.864
2025-01-06 03:30,6499.864
2025-01-06 03:45,6499.898
2025-01-06 04:00,6499.972
2025-01-06 04:15,6499.972
2025-01-06 04:30,6500.028
2025-01-06 04:45,6500.061
2025-01-06 05:00,6500.105
2025-01-06 05:15,6500.136
2025-01-06 05:30,6500.176
2025-01-06 05:45,6500.209
2025-01-06 06:00,6500.242
2025-01-06 06:15,6500.277
2025-01-06 06:30,6500.316
2025-01-06 06:45,6500.348
2025-01-06 07:00,6500.409
2025-01-06 07:15,6500.440
2025-01-06 07:30,6500.481
2025-01-06 07:45,6500.481
2025-01-06 08:00,6500.495
2025-01-06 08:15,6500.559
2025-01-06 08:30,6500.559
2025-01-06 08:45,6500.636
2025-01-06 09:00,6500.636
2025-01-06 09:15,6500.670
2025-01-06 09:30,6500.742
2025-01-06 09:45,6500.742
2025-01-06 10:00,6500.842
2025-01-06 10:15,6500.842
2025-01-06 10:30,6500.842
2025-01-06 10:45,6500.907
2025-01-06 11:00,6500.938
2025-01-06 11:15,6500.969
2025-01-06 11:30,6500.969
2025-01-06 11:45,6501.000
2025-01-06 12:00,6501.032
2025-01-06 12:15,6501.063
2025-01-06 12:30,6501.095
2025-01-06 12:45,6501.098
2025-01-06 13:00,6501.161
2025-01-06 13:15,6501.161
2025-01-06 13:30,6501.193
2025-01-06 13:45,6501.265
2025-01-06 14:00,6501.297
2025-01-06 14:15,6501.328
2025-01-06 14:30,6501.361
2025-01-06 14:45,6501.710
2025-01-06 15:00,6501.817
2025-01-06 15:15,6501.818
2025-01-06 15:30,6501.818
2025-01-06 15:45,6501.818
2025-01-06 16:00,6501.968
2025-01-06 16:15,6502.131
2025-01-06 16:30,6502.131
2025-01-06 16:45,6502.131
2025-01-06 17:00,6502.180
2025-01-06 17:15,6502.331
2025-01-06 17:30,6502.331
2025-01-06 17:45,6502.363
2025-01-06 18:00,6502.488
2025-01-06 18:15,6502.529
2025-01-06 18:30,6502.587
2025-01-06 18:45,6502.730
2025-01-06 19:00,6502.730
2025-01-06 19:15,6502.759
2025-01-06 19:30,6502.873
2025-01-06 19:45,6502.926
2025-01-06 20:00,6502.975
2025-01-06 20:15,6503.084
2025-01-06 20:30,6503.132
2025-01-06 20:45,6503.146
2025-01-06 21:00,6503.283
2025-01-06 21:15,6503.460
2025-01-06 21:30,6503.494
2025-01-06 21:45,6503.494
2025-01-06 22:00,6503.494
2025-01-06 22:15,6503.782
2025-01-06 22:30,6503.792
2025-01-06 22:45,6503.792
2025-01-06 23:00,6503.815
2025-01-06 23:15,6503.879
2025-01-06 23:30,6504.029
2025-01-06 23:45,6504.029
2025-01-07 00:00,6504.062
2025-01-07 00:15,6504.146
2025-01-07 00:30,6504.213
2025-01-07 00:45,6504.213
2025-01-07 01:00,6504.294
2025-01-07 01:15,6504.411
2025-01-07 01:30,6504.411
2025-01-07 01:45,6504.445
2025-01-07 02:00,6504.480
2025-01-07 02:15,6504.623
2025-01-07 02:30,6504.688
2025-01-07 02:45,6504.734
2025-01-07 03:00,6504.734
2025-01-07 03:15,6504.804
2025-01-07 03:30,6504.952
2025-01-07 03:45,6504.952
2025-01-07 04:00,6504.987
2025-01-07 04:15,6505.115
2025-01-07 04:30,6505.115
2025-01-07 04:45,6505.152
2025-01-07 05:00,6505.258
2025-01-07 05:15,6505.292
2025-01-07 05:30,6505.393
2025-01-07 05:45,6505.445
2025-01-07 06:00,6505.479
2025-01-07 06:15,6505.579
2025-01-07 06:30,6505.626
2025-01-07 06:45,6505.660
2025-01-07 07:00,6505.772
2025-01-07 07:15,6505.818
2025-01-07 07:30,6505.820
2025-01-07 07:45,6506.129
2025-01-07 08:00,6506.129
2025-01-07 08:15,6506.129
2025-01-07 08:30,6506.138
2025-01-07 08:45,6506.381
2025-01-07 09:00,6506.381
2025-01-07 09:15,6506.381
2025-01-07 09:30,6506.495
2025-01-07 09:45,6506.543
2025-01-07 10:00,6506.640
2025-01-07 10:15,6506.654
2025-01-07 10:30,6506.782
2025-01-07 10:45,6506.820
2025-01-07 11:00,6506.895
2025-01-07 11:15,6506.933
2025-01-07 11:30,6507.010
2025-01-07 11:45,6507.088
2025-01-07 12:00,6507.126
2025-01-07 12:15,6507.201
2025-01-07 12:30,6507.267
2025-01-07 12:45,6507.352
2025-01-07 13:00,6507.411
2025-01-07 13:15,6507.471
2025-01-07 13:30,6507.542
2025-01-07 13:45,6507.578
2025-01-07 14:00,6507.648
2025-01-07 14:15,6507.705
2025-01-07 14:30,6507.754
2025-01-07 14:45,6507.827
2025-01-07 15:00,6507.899
2025-01-07 15:15,6507.934
2025-01-07 15:30,6508.008
2025-01-07 15:45,6508.043
2025-01-07 16:00,6508.236
2025-01-07 16:15,6508.236
2025-01-07 16:30,6508.236
2025-01-07 16:45,6508.346
2025-01-07 17:00,6508.472
2025-01-07 17:15,6508.472
2025-01-07 17:30,6508.542
2025-01-07 17:45,6508.680
2025-01-07 18:00,6508.721
2025-01-07 18:15,6508.759
2025-01-07 18:30,6508.928
2025-01-07 18:45,6508.937
2025-01-07 19:00,6508.969
2025-01-07 19:15,6509.152
2025-01-07 19:30,6509.152
2025-01-07 19:45,6509.152
2025-01-07 20:00,6509.312
2025-01-07 20:15,6509.379
2025-01-07 20:30,6509.379
2025-01-07 20:45,6509.602
2025-01-07 21:00,6509.660
2025-01-07 21:15,6509.772
2025-01-07 21:30,6509.774
2025-01-07 21:45,6509.774
2025-01-07 22:00,6510.073
2025-01-07 22:15,6510.081
2025-01-07 22:30,6510.081
2025-01-07 22:45,6510.123
2025-01-07 23:00,6510.182
2025-01-07 23:15,6510.230
2025-01-07 23:30,6510.326
2025-01-07 23:45,6510.362
2025-01-08 00:00,6510.398
2025-01-08 00:15,6510.529
2025-01-08 00:30,6510.588
2025-01-08 00:45,6510.588
2025-01-08 01:00,6510.699
2025-01-08 01:15,6510.780
2025-01-08 01:30,6510.854
2025-01-08 01:45,6510.854
2025-01-08 02:00,6510.980
2025-01-08 02:15,6510.999
2025-01-08 02:30,6511.100
2025-01-08 02:45,6511.177
2025-01-08 03:00,6511.247
2025-01-08 03:15,6511.318
2025-01-08 03:30,6511.318
2025-01-08 03:45,6511.393
2025-01-08 04:00,6511.478
2025-01-08 04:15,6511.551
2025-01-08 04:30,6511.636
2025-01-08 04:45,6511.709
2025-01-08 05:00,6511.767
2025-01-08 05:15,6511.851
2025-01-08 05:30,6511.864
2025-01-08 05:45,6511.942
2025-01-08 06:00,6512.025
2025-01-08 06:15,6512.117
2025-01-08 06:30,6512.166
2025-01-08 06:45,6512.251
2025-01-08 07:00,6512.330
2025-01-08 07:15,6512.377
2025-01-08 07:30,6512.461
2025-01-08 07:45,6512.505
2025-01-08 08:00,6512.671
2025-01-08 08:15,6512.777
2025-01-08 08:30,6512.810
2025-01-08 08:45,6512.867
2025-01-08 09:00,6512.933
2025-01-08 09:15,6513.064
2025-01-08 09:30,6513.107
2025-01-08 09:45,6513.107
2025-01-08 10:00,6513.340
2025-01-08 10:15,6513.395
2025-01-08 10:30,6513.395
2025-01-08 10:45,6513.395
2025-01-08 11:00,6513.579
2025-01-08 11:15,6513.579
2025-01-08 11:30,6513.615
2025-01-08 11:45,6513.760
2025-01-08 12:00,6513.805
2025-01-08 12:15,6513.864
2025-01-08 12:30,6513.880
2025-01-08 12:45,6514.050
2025-01-08 13:00,6514.050
2025-01-08 13:15,6514.083
2025-01-08 13:30,6514.222
2025-01-08 13:45,6514.256
2025-01-08 14:00,6514.288
2025-01-08 14:15,6514.386
2025-01-08 14:30,6514.437
2025-01-08 14:45,6514.468
2025-01-08 15:00,6514.598
2025-01-08 15:15,6514.598
2025-01-08 15:30,6514.653
2025-01-08 15:45,6514.778
2025-01-08 16:00,6514.812
2025-01-08 16:15,6514.928
2025-01-08 16:30,6514.987
2025-01-08 16:45,6515.013
2025-01-08 17:00,6515.123
2025-01-08 17:15,6515.123
2025-01-08 17:30,6515.269
2025-01-08 17:45,6515.367
2025-01-08 18:00,6515.367
2025-01-08 18:15,6515.484
2025-01-08 18:30,6515.541
2025-01-08 18:45,6515.565
2025-01-08 19:00,6515.698
2025-01-08 19:15,6515.812
2025-01-08 19:30,6515.812
2025-01-08 19:45,6515.919
2025-01-08 20:00,6516.068
2025-01-08 20:15,6516.068
2025-01-08 20:30,6516.068
2025-01-08 20:45,6516.279
2025-01-08 21:00,6516.320
2025-01-08 21:15,6516.438
2025-01-08 21:30,6516.450
2025-01-08 21:45,6516.470
2025-01-08 22:00,6516.712
2025-01-08 22:15,6516.712
2025-01-08 22:30,6516.741
2025-01-08 22:45,6516.770
2025-01-08 23:00,6516.838
2025-01-08 23:15,6516.969
2025-01-08 23:30,6516.990
2025-01-08 23:45,6517.056
2025-01-09 00:00,6517.147
2025-01-09 00:15,6517.176
2025-01-09 00:30,6517.176
2025-01-09 00:45,6517.367
2025-01-09 01:00,6517.367
2025-01-09 01:15,6517.415
2025-01-09 01:30,6517.619
2025-01-09 01:45,6517.619
2025-01-09 02:00,6517.619
2025-01-09 02:15,6517.703
2025-01-09 02:30,6517.781
2025-01-09 02:45,6517.781
2025-01-09 03:00,6517.992
2025-01-09 03:15,6518.067
2025-01-09 03:30,6518.111
2025-01-09 03:45,6518.111
2025-01-09 04:00,6518.157
2025-01-09 04:15,6518.247
2025-01-09 04:30,6518.288
2025-01-09 04:45,6518.510
2025-01-09 05:00,6518.583
2025-01-09 05:15,6518.583
2025-01-09 05:30,6518.583
2025-01-09 05:45,6518.725
2025-01-09 06:00,6518.768
2025-01-09 06:15,6518.954
2025-01-09 06:30,6519.033
2025-01-09 06:45,6519.033
2025-01-09 07:00,6519.033
2025-01-09 07:15,6519.136
2025-01-09 07:30,6519.289
2025-01-09 07:45,6519.443
2025-01-09 08:00,6519.489
2025-01-09 08:15,6519.498
2025-01-09 08:30,6519.498
2025-01-09 08:45,6519.796
2025-01-09 09:00,6519.850
2025-01-09 09:15,6519.932
2025-01-09 09:30,6519.964
2025-01-09 09:45,6519.964
2025-01-09 10:00,6520.135
2025-01-09 10:15,6520.141
2025-01-09 10:30,6520.183
2025-01-09 10:45,6520.342
2025-01-09 11:00,6520.481
2025-01-09 11:15,6520.483
2025-01-09 11:30,6520.483
2025-01-09 11:45,6520.584
2025-01-09 12:00,6520.752
2025-01-09 12:15,6520.752
2025-01-09 12:30,6520.752
2025-01-09 12:45,6520.868
2025-01-09 13:00,6520.918
2025-01-09 13:15,6520.996
2025-01-09 13:30,6521.035
2025-01-09 13:45,6521.100
2025-01-09 14:00,6521.157
2025-01-09 14:15,6521.224
2025-01-09 14:30,6521.280
2025-01-09 14:45,6521.475
2025-01-09 15:00,6521.489
2025-01-09 15:15,6521.489
2025-01-09 15:30,6521.543
2025-01-09 15:45,6521.660
2025-01-09 16:00,6521.660
2025-01-09 16:15,6521.736
2025-01-09 16:30,6521.842
2025-01-09 16:45,6521.842
2025-01-09 17:00,6522.019
2025-01-09 17:15,6522.057
2025-01-09 17:30,6522.097
2025-01-09 17:45,6522.130
2025-01-09 18:00,6522.365
2025-01-09 18:15,6522.465
2025-01-09 18:30,6522.465
2025-01-09 18:45,6522.512
2025-01-09 19:00,6522.712
2025-01-09 19:15,6522.712
2025-01-09 19:30,6522.712
2025-01-09 19:45,6522.882
2025-01-09 20:00,6522.977
2025-01-09 20:15,6522.977
2025-01-09 20:30,6523.164
2025-01-09 20:45,6523.270
2025-01-09 21:00,6523.301
2025-01-09 21:15,6523.397
2025-01-09 21:30,6523.492
2025-01-09 21:45,6523.513
2025-01-09 22:00,6523.556
2025-01-09 22:15,6523.733
2025-01-09 22:30,6523.892
2025-01-09 22:45,6523.892
2025-01-09 23:00,6523.892
2025-01-09 23:15,6523.921
2025-01-09 23:30,6524.090
2025-01-09 23:45,6524.251
2025-01-10 00:00,6524.278
2025-01-10 00:15,6524.278
2025-01-10 00:30,6524.287
2025-01-10 00:45,6524.334
2025-01-10 01:00,6524.504
2025-01-10 01:15,6524.554
2025-01-10 01:30,6524.651
2025-01-10 01:45,6524.731
2025-01-10 02:00,6524.731
2025-01-10 02:15,6524.731
2025-01-10 02:30,6524.790
2025-01-10 02:45,6524.915
2025-01-10 03:00,6525.112
2025-01-10 03:15,6525.180
2025-01-10 03:30,6525.180
2025-01-10 03:45,6525.180
2025-01-10 04:00,6525.218
2025-01-10 04:15,6525.346
2025-01-10 04:30,6525.548
2025-01-10 04:45,6525.620
2025-01-10 05:00,6525.647
2025-01-10 05:15,6525.647
2025-01-10 05:30,6525.662
2025-01-10 05:45,6525.697
2025-01-10 06:00,6525.951
2025-01-10 06:15,6526.125
2025-01-10 06:30,6526.183
2025-01-10 06:45,6526.183
2025-01-10 07:00,6526.183
2025-01-10 07:15,6526.183
2025-01-10 07:30,6526.398
2025-01-10 07:45,6526.581
2025-01-10 08:00,6526.688
2025-01-10 08:15,6526.707
2025-01-10 08:30,6526.707
2025-01-10 08:45,6526.707
2025-01-10 09:00,6526.952
2025-01-10 09:15,6527.199
2025-01-10 09:30,6527.199
2025-01-10 09:45,6527.247
2025-01-10 10:00,6527.247
2025-01-10 10:15,6527.269
2025-01-10 10:30,6527.473
2025-01-10 10:45,6527.473
2025-01-10 11:00,6527.572
2025-01-10 11:15,6527.663
2025-01-10 11:30,6527.730
2025-01-10 11:45,6527.821
2025-01-10 12:00,6527.821
2025-01-10 12:15,6527.821
2025-01-10 12:30,6528.107
2025-01-10 12:45,6528.107
2025-01-10 13:00,6528.147
2025-01-10 13:15,6528.211
2025-01-10 13:30,6528.260
2025-01-10 13:45,6528.260
2025-01-10 14:00,6528.409
2025-01-10 14:15,6528.480
2025-01-10 14:30,6528.480
2025-01-10 14:45,6528.572
2025-01-10 15:00,6528.624
2025-01-10 15:15,6528.679
2025-01-10 15:30,6528.731
2025-01-10 15:45,6528.731
2025-01-10 16:00,6528.899
2025-01-10 16:15,6528.982
2025-01-10 16:30,6528.982
2025-01-10 16:45,6529.099
2025-01-10 17:00,6529.186
2025-01-10 17:15,6529.212
2025-01-10 17:30,6529.307
2025-01-10 17:45,6529.401
2025-01-10 18:00,6529.431
2025-01-10 18:15,6529.626
2025-01-10 18:30,6529.641
2025-01-10 18:45,6529.656
2025-01-10 19:00,6529.681
2025-01-10 19:15,6529.847
2025-01-10 19:30,6529.918
2025-01-10 19:45,6530.009
2025-01-10 20:00,6530.100
2025-01-10 20:15,6530.125
2025-01-10 20:30,6530.243
2025-01-10 20:45,6530.276
2025-01-10 21:00,6530.373
2025-01-10 21:15,6530.620
2025-01-10 21:30,6530.674
2025-01-10 21:45,6530.674
2025-01-10 22:00,6530.674
2025-01-10 22:15,6530.801
2025-01-10 22:30,6530.914
2025-01-10 22:45,6531.048
2025-01-10 23:00,6531.183
2025-01-10 23:15,6531.183
2025-01-10 23:30,6531.183
2025-01-10 23:45,6531.213
2025-01-11 00:00,6531.364
2025-01-11 00:15,6531.383
2025-01-11 00:30,6531.528
2025-01-11 00:45,6531.560
2025-01-11 01:00,6531.640
2025-01-11 01:15,6531.727
2025-01-11 01:30,6531.901
2025-01-11 01:45,6531.958
2025-01-11 02:00,6531.958
2025-01-11 02:15,6531.958
2025-01-11 02:30,6531.986
2025-01-11 02:45,6532.107
2025-01-11 03:00,6532.362
2025-01-11 03:15,6532.515
2025-01-11 03:30,6532.515
2025-01-11 03:45,6532.515
2025-01-11 04:00,6532.515
2025-01-11 04:15,6532.637
2025-01-11 04:30,6532.825
2025-01-11 04:45,6533.008
2025-01-11 05:00,6533.095
2025-01-11 05:15,6533.095
2025-01-11 05:30,6533.095
2025-01-11 05:45,6533.095
2025-01-11 06:00,6533.318
2025-01-11 06:15,6533.381
2025-01-11 06:30,6533.559
2025-01-11 06:45,6533.621
2025-01-11 07:00,6533.680
2025-01-11 07:15,6533.702
2025-01-11 07:30,6533.829
2025-01-11 07:45,6533.936
2025-01-11 08:00,6534.158
2025-01-11 08:15,6534.271
2025-01-11 08:30,6534.276
2025-01-11 08:45,6534.276
2025-01-11 09:00,6534.276
2025-01-11 09:15,6534.637
2025-01-11 09:30,6534.760
2025-01-11 09:45,6534.779
2025-01-11 10:00,6534.854
2025-01-11 10:15,6534.932
2025-01-11 10:30,6535.033
2025-01-11 10:45,6535.146
2025-01-11 11:00,6535.213
2025-01-11 11:15,6535.465
2025-01-11 11:30,6535.501
2025-01-11 11:45,6535.501
2025-01-11 12:00,6535.659
2025-01-11 12:15,6535.778
2025-01-11 12:30,6535.836
2025-01-11 12:45,6535.836
2025-01-11 13:00,6535.976
2025-01-11 13:15,6536.115
2025-01-11 13:30,6536.115
2025-01-11 13:45,6536.161
2025-01-11 14:00,6536.260
2025-01-11 14:15,6536.397
2025-01-11 14:30,6536.465
2025-01-11 14:45,6536.553
2025-01-11 15:00,6536.582
2025-01-11 15:15,6536.582
2025-01-11 15:30,6536.812
2025-01-11 15:45,6536.812
2025-01-11 16:00,6536.874
2025-01-11 16:15,6536.999
2025-01-11 16:30,6537.104
2025-01-11 16:45,6537.194
2025-01-11 17:00,6537.245
2025-01-11 17:15,6537.322
2025-01-11 17:30,6537.410
2025-01-11 17:45,6537.519
2025-01-11 18:00,6537.616
2025-01-11 18:15,6537.703
2025-01-11 18:30,6537.792
2025-01-11 18:45,6537.926
2025-01-11 19:00,6538.009
2025-01-11 19:15,6538.059
2025-01-11 19:30,6538.134
2025-01-11 19:45,6538.229
2025-01-11 20:00,6538.576
2025-01-11 20:15,6538.746
2025-01-11 20:30,6538.854
2025-01-11 20:45,6538.985
2025-01-11 21:00,6539.059
2025-01-11 21:15,6539.322
2025-01-11 21:30,6539.431
2025-01-11 21:45,6539.433
2025-01-11 22:00,6539.433
2025-01-11 22:15,6539.660
2025-01-11 22:30,6539.912
2025-01-11 22:45,6540.006
2025-01-11 23:00,6540.006
2025-01-11 23:15,6540.006
2025-01-11 23:30,6540.041
2025-01-11 23:45,6540.334
2025-01-12 00:00,6540.414
2025-01-12 00:15,6540.414
2025-01-12 00:30,6540.414
2025-01-12 00:45,6540.463
2025-01-12 01:00,6540.753
2025-01-12 01:15,6540.864
2025-01-12 01:30,6540.939
2025-01-12 01:45,6540.974
2025-01-12 02:00,6540.974
2025-01-12 02:15,6540.974
2025-01-12 02:30,6541.267
2025-01-12 02:45,6541.354
2025-01-12 03:00,6541.509
2025-01-12 03:15,6541.584
2025-01-12 03:30,6541.585
2025-01-12 03:45,6541.585
2025-01-12 04:00,6541.765
2025-01-12 04:15,6541.913
2025-01-12 04:30,6541.931
2025-01-12 04:45,6542.089
2025-01-12 05:00,6542.181
2025-01-12 05:15,6542.258
2025-01-12 05:30,6542.330
2025-01-12 05:45,6542.386
2025-01-12 06:00,6542.386
2025-01-12 06:15,6542.430
2025-01-12 06:30,6542.701
2025-01-12 06:45,6542.886
2025-01-12 07:00,6542.956
2025-01-12 07:15,6543.007
2025-01-12 07:30,6543.007
2025-01-12 07:45,6543.007
2025-01-12 08:00,6543.334
2025-01-12 08:15,6543.374
2025-01-12 08:30,6543.498
2025-01-12 08:45,6543.586
2025-01-12 09:00,6543.660
2025-01-12 09:15,6543.800
2025-01-12 09:30,6543.818
2025-01-12 09:45,6543.819
2025-01-12 10:00,6544.026
2025-01-12 10:15,6544.258
2025-01-12 10:30,6544.362
2025-01-12 10:45,6544.463
2025-01-12 11:00,6544.526
2025-01-12 11:15,6544.526
2025-01-12 11:30,6544.603
2025-01-12 11:45,6544.824
2025-01-12 12:00,6544.864
2025-01-12 12:15,6545.031
2025-01-12 12:30,6545.132
2025-01-12 12:45,6545.231
2025-01-12 13:00,6545.357
2025-01-12 13:15,6545.415
2025-01-12 13:30,6545.415
2025-01-12 13:45,6545.439
2025-01-12 14:00,6545.624
2025-01-12 14:15,6545.797
2025-01-12 14:30,6545.797
2025-01-12 14:45,6545.901
2025-01-12 15:00,6545.987
2025-01-12 15:15,6546.059
2025-01-12 15:30,6546.158
2025-01-12 15:45,6546.226
2025-01-12 16:00,6546.306
2025-01-12 16:15,6546.479
2025-01-12 16:30,6546.599
2025-01-12 16:45,6546.710
2025-01-12 17:00,6546.767
2025-01-12 17:15,6546.767
2025-01-12 17:30,6546.767
2025-01-12 17:45,6547.007
2025-01-12 18:00,6547.090
2025-01-12 18:15,6547.318
2025-01-12 18:30,6547.346
2025-01-12 18:45,6547.434
2025-01-12 19:00,6547.547
2025-01-12 19:15,6547.661
2025-01-12 19:30,6547.674
2025-01-12 19:45,6547.674
2025-01-12 20:00,6547.700
2025-01-12 20:15,6548.066
2025-01-12 20:30,6548.183
2025-01-12 20:45,6548.250
2025-01-12 21:00,6548.315
2025-01-12 21:15,6548.411
2025-01-12 21:30,6548.529
2025-01-12 21:45,6548.646
2025-01-12 22:00,6548.647
2025-01-12 22:15,6548.647
2025-01-12 22:30,6548.715
2025-01-12 22:45,6549.100
2025-01-12 23:00,6549.186
2025-01-12 23:15,6549.186
2025-01-12 23:30,6549.186
2025-01-12 23:45,6549.187
2025-01-13 00:00,6549.263
2025-01-13 00:15,6549.302
2025-01-13 00:30,6549.389
2025-01-13 00:45,6549.634
2025-01-13 01:00,6549.866
2025-01-13 01:15,6549.970
2025-01-13 01:30,6550.037
2025-01-13 01:45,6550.100
2025-01-13 02:00,6550.164
2025-01-13 02:15,6550.247
2025-01-13 02:30,6550.331
2025-01-13 02:45,6550.371
2025-01-13 03:00,6550.401
2025-01-13 03:15,6550.473
2025-01-13 03:30,6550.666
2025-01-13 03:45,6550.738
2025-01-13 04:00,6550.801
2025-01-13 04:15,6550.860
2025-01-13 04:30,6550.931
2025-01-13 04:45,6551.019
2025-01-13 05:00,6551.133
2025-01-13 05:15,6551.211
2025-01-13 05:30,6551.284
2025-01-13 05:45,6551.355
2025-01-13 06:00,6551.426
2025-01-13 06:15,6551.519
2025-01-13 06:30,6551.611
2025-01-13 06:45,6551.704
2025-01-13 07:00,6551.776
2025-01-13 07:15,6551.837
2025-01-13 07:30,6551.925
2025-01-13 07:45,6552.117
2025-01-13 08:00,6552.161
2025-01-13 08:15,6552.290
2025-01-13 08:30,6552.294
2025-01-13 08:45,6552.538
2025-01-13 09:00,6552.640
2025-01-13 09:15,6552.831
2025-01-13 09:30,6552.888
2025-01-13 09:45,6552.986
2025-01-13 10:00,6553.106
2025-01-13 10:15,6553.218
2025-01-13 10:30,6553.304
2025-01-13 10:45,6553.416
2025-01-13 11:00,6553.500
2025-01-13 11:15,6553.581
2025-01-13 11:30,6553.671
2025-01-13 11:45,6553.768
2025-01-13 12:00,6553.897
2025-01-13 12:15,6553.991
2025-01-13 12:30,6554.076
2025-01-13 12:45,6554.146
2025-01-13 13:00,6554.454
2025-01-13 13:15,6554.648
2025-01-13 13:30,6554.730
2025-01-13 13:45,6554.806
2025-01-13 14:00,6554.885
2025-01-13 14:15,6554.964
2025-01-13 14:30,6554.995
2025-01-13 14:45,6555.016
2025-01-13 15:00,6555.130
2025-01-13 15:15,6555.284
2025-01-13 15:30,6555.284
2025-01-13 15:45,6555.284
2025-01-13 16:00,6555.566
2025-01-13 16:15,6555.566
2025-01-13 16:30,6555.566
2025-01-13 16:45,6555.743
2025-01-13 17:00,6555.904
2025-01-13 17:15,6555.925
2025-01-13 17:30,6555.932
2025-01-13 17:45,6555.984
2025-01-13 18:00,6556.245
2025-01-13 18:15,6556.429
2025-01-13 18:30,6556.461
2025-01-13 18:45,6556.461
2025-01-13 19:00,6556.506
2025-01-13 19:15,6556.850
2025-01-13 19:30,6556.868
2025-01-13 19:45,6556.913
2025-01-13 20:00,6556.983
2025-01-13 20:15,6557.089
2025-01-13 20:30,6557.177
2025-01-13 20:45,6557.285
2025-01-13 21:00,6557.818
2025-01-13 21:15,6558.189
2025-01-13 21:30,6558.252
2025-01-13 21:45,6558.267
2025-01-13 22:00,6558.267
2025-01-13 22:15,6558.290
2025-01-13 22:30,6558.606
2025-01-13 22:45,6558.625
2025-01-13 23:00,6558.675
2025-01-13 23:15,6558.749
2025-01-13 23:30,6558.819
2025-01-13 23:45,6558.877
2025-01-14 00:00,6558.888
2025-01-14 00:15,6559.064
2025-01-14 00:30,6559.134
2025-01-14 00:45,6559.134
2025-01-14 01:00,6559.161
2025-01-14 01:15,6559.198
2025-01-14 01:30,6559.428
2025-01-14 01:45,6559.428
2025-01-14 02:00,6559.461
2025-01-14 02:15,6559.516
2025-01-14 02:30,6559.597
2025-01-14 02:45,6559.650
2025-01-14 03:00,6559.845
2025-01-14 03:15,6559.946
2025-01-14 03:30,6559.946
2025-01-14 03:45,6559.946
2025-01-14 04:00,6559.946
2025-01-14 04:15,6560.226
2025-01-14 04:30,6560.226
2025-01-14 04:45,6560.226
2025-01-14 05:00,6560.294
2025-01-14 05:15,6560.393
2025-01-14 05:30,6560.508
2025-01-14 05:45,6560.602
2025-01-14 06:00,6560.686
2025-01-14 06:15,6560.764
2025-01-14 06:30,6560.816
2025-01-14 06:45,6560.816
2025-01-14 07:00,6560.836
2025-01-14 07:15,6561.152
2025-01-14 07:30,6561.222
2025-01-14 07:45,6561.392
2025-01-14 08:00,6561.566
2025-01-14 08:15,6561.674
2025-01-14 08:30,6561.753
2025-01-14 08:45,6561.812
2025-01-14 09:00,6561.812
2025-01-14 09:15,6562.146
2025-01-14 09:30,6562.146
2025-01-14 09:45,6562.146
2025-01-14 10:00,6562.219
2025-01-14 10:15,6562.347
2025-01-14 10:30,6562.378
2025-01-14 10:45,6562.594
2025-01-14 11:00,6562.667
2025-01-14 11:15,6562.761
2025-01-14 11:30,6562.779
2025-01-14 11:45,6562.779
2025-01-14 12:00,6563.010
2025-01-14 12:15,6563.037
2025-01-14 12:30,6563.054
2025-01-14 12:45,6563.170
2025-01-14 13:00,6563.215
2025-01-14 13:15,6563.307
2025-01-14 13:30,6563.415
2025-01-14 13:45,6563.481
2025-01-14 14:00,6563.545
2025-01-14 14:15,6563.612
2025-01-14 14:30,6563.691
2025-01-14 14:45,6563.776
2025-01-14 15:00,6563.848
2025-01-14 15:15,6563.934
2025-01-14 15:30,6564.010
2025-01-14 15:45,6564.102
2025-01-14 16:00,6564.186
2025-01-14 16:15,6564.271
2025-01-14 16:30,6564.356
2025-01-14 16:45,6564.424
2025-01-14 17:00,6564.489
2025-01-14 17:15,6564.574
2025-01-14 17:30,6564.753
2025-01-14 17:45,6564.805
2025-01-14 18:00,6564.845
2025-01-14 18:15,6565.144
2025-01-14 18:30,6565.169
2025-01-14 18:45,6565.189
2025-01-14 19:00,6565.216
2025-01-14 19:15,6565.370
2025-01-14 19:30,6565.458
2025-01-14 19:45,6565.528
2025-01-14 20:00,6565.602
2025-01-14 20:15,6565.645
2025-01-14 20:30,6565.667
2025-01-14 20:45,6565.811
2025-01-14 21:00,6565.996
2025-01-14 21:15,6566.181
2025-01-14 21:30,6566.181
2025-01-14 21:45,6566.181
2025-01-14 22:00,6566.278
2025-01-14 22:15,6566.375
2025-01-14 22:30,6566.436
2025-01-14 22:45,6566.436
2025-01-14 23:00,6566.472
2025-01-14 23:15,6566.508
2025-01-14 23:30,6566.518
2025-01-14 23:45,6566.601
2025-01-15 00:00,6566.640
2025-01-15 00:15,6566.680
2025-01-15 00:30,6566.711
2025-01-15 00:45,6566.711
2025-01-15 01:00,6566.773
2025-01-15 01:15,6566.836
2025-01-15 01:30,6566.898
2025-01-15 01:45,6566.899
2025-01-15 02:00,6567.049
2025-01-15 02:15,6567.049
2025-01-15 02:30,6567.049
2025-01-15 02:45,6567.231
2025-01-15 03:00,6567.236
2025-01-15 03:15,6567.241
2025-01-15 03:30,6567.276
2025-01-15 03:45,6567.408
2025-01-15 04:00,6567.408
2025-01-15 04:15,6567.504
2025-01-15 04:30,6567.569
2025-01-15 04:45,6567.600
2025-01-15 05:00,6567.636
2025-01-15 05:15,6567.693
2025-01-15 05:30,6567.749
2025-01-15 05:45,6567.811
2025-01-15 06:00,6567.822
2025-01-15 06:15,6567.885
2025-01-15 06:30,6567.983
2025-01-15 06:45,6568.013
2025-01-15 07:00,6568.013
2025-01-15 07:15,6568.161
2025-01-15 07:30,6568.195
2025-01-15 07:45,6568.328
2025-01-15 08:00,6568.328
2025-01-15 08:15,6568.410
2025-01-15 08:30,6568.580
2025-01-15 08:45,6568.611
2025-01-15 09:00,6568.847
2025-01-15 09:15,6568.875
2025-01-15 09:30,6568.875
2025-01-15 09:45,6568.924
2025-01-15 10:00,6568.982
2025-01-15 10:15,6569.063
2025-01-15 10:30,6569.146
2025-01-15 10:45,6569.209
2025-01-15 11:00,6569.313
2025-01-15 11:15,6569.341
2025-01-15 11:30,6569.403
2025-01-15 11:45,6569.470
2025-01-15 12:00,6569.567
2025-01-15 12:15,6569.606
2025-01-15 12:30,6569.660
2025-01-15 12:45,6569.715
2025-01-15 13:00,6569.807
2025-01-15 13:15,6569.857
2025-01-15 13:30,6569.918
2025-01-15 13:45,6569.972
2025-01-15 14:00,6570.036
2025-01-15 14:15,6570.111
2025-01-15 14:30,6570.199
2025-01-15 14:45,6570.200
2025-01-15 15:00,6570.292
2025-01-15 15:15,6570.331
2025-01-15 15:30,6570.391
2025-01-15 15:45,6570.473
2025-01-15 16:00,6570.568
2025-01-15 16:15,6570.635
2025-01-15 16:30,6570.707
2025-01-15 16:45,6570.714
2025-01-15 17:00,6570.850
2025-01-15 17:15,6570.879
2025-01-15 17:30,6570.950
2025-01-15 17:45,6571.013
2025-01-15 18:00,6571.082
2025-01-15 18:15,6571.299
2025-01-15 18:30,6571.348
2025-01-15 18:45,6571.348
2025-01-15 19:00,6571.348
2025-01-15 19:15,6571.464
2025-01-15 19:30,6571.530
2025-01-15 19:45,6571.549
2025-01-15 20:00,6571.671
2025-01-15 20:15,6571.713
2025-01-15 20:30,6571.713
2025-01-15 20:45,6571.804
2025-01-15 21:00,6571.879
2025-01-15 21:15,6571.920
2025-01-15 21:30,6571.983
2025-01-15 21:45,6572.057
2025-01-15 22:00,6572.106
2025-01-15 22:15,6572.179
2025-01-15 22:30,6572.226
2025-01-15 22:45,6572.226
2025-01-15 23:00,6572.226
2025-01-15 23:15,6572.392
2025-01-15 23:30,6572.406
2025-01-15 23:45,6572.406
2025-01-16 00:00,6572.443
2025-01-16 00:15,6572.495
2025-01-16 00:30,6572.588
2025-01-16 00:45,6572.667
2025-01-16 01:00,6572.667
2025-01-16 01:15,6572.677
2025-01-16 01:30,6572.732
2025-01-16 01:45,6572.762
2025-01-16 02:00,6572.823
2025-01-16 02:15,6572.894
2025-01-16 02:30,6572.916
2025-01-16 02:45,6572.962
2025-01-16 03:00,6573.005
2025-01-16 03:15,6573.102
2025-01-16 03:30,6573.102
2025-01-16 03:45,6573.145
2025-01-16 04:00,6573.190
2025-01-16 04:15,6573.292
2025-01-16 04:30,6573.321
2025-01-16 04:45,6573.345
2025-01-16 05:00,6573.408
2025-01-16 05:15,6573.461
2025-01-16 05:30,6573.562
2025-01-16 05:45,6573.590
2025-01-16 06:00,6573.590
2025-01-16 06:15,6573.647
2025-01-16 06:30,6573.760
2025-01-16 06:45,6573.818
2025-01-16 07:00,6573.818
2025-01-16 07:15,6573.955
2025-01-16 07:30,6574.068
2025-01-16 07:45,6574.226
2025-01-16 08:00,6574.226
2025-01-16 08:15,6574.251
2025-01-16 08:30,6574.326
2025-01-16 08:45,6574.383
2025-01-16 09:00,6574.456
2025-01-16 09:15,6574.679
2025-01-16 09:30,6574.679
2025-01-16 09:45,6574.679
2025-01-16 10:00,6574.772
2025-01-16 10:15,6574.828
2025-01-16 10:30,6575.073
2025-01-16 10:45,6575.666
2025-01-16 11:00,6576.279
2025-01-16 11:15,6576.759
2025-01-16 11:30,6576.818
2025-01-16 11:45,6576.818
2025-01-16 12:00,6576.818
2025-01-16 12:15,6576.938
2025-01-16 12:30,6576.995
2025-01-16 12:45,6577.023
2025-01-16 13:00,6577.122
2025-01-16 13:15,6577.220
2025-01-16 13:30,6577.239
2025-01-16 13:45,6577.289
2025-01-16 14:00,6577.370
2025-01-16 14:15,6577.426
2025-01-16 14:30,6577.487
2025-01-16 14:45,6577.570
2025-01-16 15:00,6577.674
2025-01-16 15:15,6577.674
2025-01-16 15:30,6577.773
2025-01-16 15:45,6577.841
2025-01-16 16:00,6577.912
2025-01-16 16:15,6578.016
2025-01-16 16:30,6578.081
2025-01-16 16:45,6578.144
2025-01-16 17:00,6578.216
2025-01-16 17:15,6578.328
2025-01-16 17:30,6578.348
2025-01-16 17:45,6578.502
2025-01-16 18:00,6578.547
2025-01-16 18:15,6578.775
2025-01-16 18:30,6578.790
2025-01-16 18:45,6578.795
2025-01-16 19:00,6578.840
2025-01-16 19:15,6579.016
2025-01-16 19:30,6579.059
2025-01-16 19:45,6579.090
2025-01-16 20:00,6579.265
2025-01-16 20:15,6579.265
2025-01-16 20:30,6579.310
2025-01-16 20:45,6579.486
2025-01-16 21:00,6579.486
2025-01-16 21:15,6579.728
2025-01-16 21:30,6580.099
2025-01-16 21:45,6580.374
2025-01-16 22:00,6580.574
2025-01-16 22:15,6580.637
2025-01-16 22:30,6580.716
2025-01-16 22:45,6580.870
2025-01-16 23:00,6580.895
2025-01-16 23:15,6580.930
2025-01-16 23:30,6580.936
2025-01-16 23:45,6581.070
2025-01-17 00:00,6581.105
2025-01-17 00:15,6581.105
2025-01-17 00:30,6581.248
2025-01-17 00:45,6581.276
2025-01-17 01:00,6581.276
2025-01-17 01:15,6581.390
2025-01-17 01:30,6581.427
2025-01-17 01:45,6581.511
2025-01-17 02:00,6581.563
2025-01-17 02:15,6581.628
2025-01-17 02:30,6581.628
2025-01-17 02:45,6581.723
2025-01-17 03:00,6581.847
2025-01-17 03:15,6581.847
2025-01-17 03:30,6581.847
2025-01-17 03:45,6581.984
2025-01-17 04:00,6581.996
2025-01-17 04:15,6582.090
2025-01-17 04:30,6582.181
2025-01-17 04:45,6582.192
2025-01-17 05:00,6582.218
2025-01-17 05:15,6582.289
2025-01-17 05:30,6582.378
2025-01-17 05:45,6582.448
2025-01-17 06:00,6582.518
2025-01-17 06:15,6582.596
2025-01-17 06:30,6582.596
2025-01-17 06:45,6582.678
2025-01-17 07:00,6582.744
2025-01-17 07:15,6582.818
2025-01-17 07:30,6582.955
2025-01-17 07:45,6583.151
2025-01-17 08:00,6583.195
2025-01-17 08:15,6583.200
2025-01-17 08:30,6583.287
2025-01-17 08:45,6583.409
2025-01-17 09:00,6583.437
2025-01-17 09:15,6583.662
2025-01-17 09:30,6583.843
2025-01-17 09:45,6583.963
2025-01-17 10:00,6584.036
2025-01-17 10:15,6584.114
2025-01-17 10:30,6584.176
2025-01-17 10:45,6584.243
2025-01-17 11:00,6584.306
2025-01-17 11:15,6584.381
2025-01-17 11:30,6584.454
2025-01-17 11:45,6584.552
2025-01-17 12:00,6584.641
2025-01-17 12:15,6584.734
2025-01-17 12:30,6584.812
2025-01-17 12:45,6584.887
2025-01-17 13:00,6584.960
2025-01-17 13:15,6585.031
2025-01-17 13:30,6585.110
2025-01-17 13:45,6585.184
2025-01-17 14:00,6585.397
2025-01-17 14:15,6585.422
2025-01-17 14:30,6585.422
2025-01-17 14:45,6585.602
2025-01-17 15:00,6585.645
2025-01-17 15:15,6585.684
2025-01-17 15:30,6585.821
2025-01-17 15:45,6585.904
2025-01-17 16:00,6585.958
2025-01-17 16:15,6586.064
2025-01-17 16:30,6586.109
2025-01-17 16:45,6586.204
2025-01-17 17:00,6586.299
2025-01-17 17:15,6586.357
2025-01-17 17:30,6586.447
2025-01-17 17:45,6586.549
2025-01-17 18:00,6586.683
2025-01-17 18:15,6586.845
2025-01-17 18:30,6586.893
2025-01-17 18:45,6586.894
2025-01-17 19:00,6586.939
2025-01-17 19:15,6587.116
2025-01-17 19:30,6587.208
2025-01-17 19:45,6587.262
2025-01-17 20:00,6587.351
2025-01-17 20:15,6587.427
2025-01-17 20:30,6587.504
2025-01-17 20:45,6587.589
2025-01-17 21:00,6587.648
2025-01-17 21:15,6587.938
2025-01-17 21:30,6588.027
2025-01-17 21:45,6588.028
2025-01-17 22:00,6588.028
2025-01-17 22:15,6588.219
2025-01-17 22:30,6588.299
2025-01-17 22:45,6588.299
2025-01-17 23:00,6588.317
2025-01-17 23:15,6588.592
2025-01-17 23:30,6588.599
2025-01-17 23:45,6588.616
2025-01-18 00:00,6588.647
2025-01-18 00:15,6588.682
2025-01-18 00:30,6588.890
2025-01-18 00:45,6588.890
2025-01-18 01:00,6588.890
2025-01-18 01:15,6588.938
2025-01-18 01:30,6589.043
2025-01-18 01:45,6589.043
2025-01-18 02:00,6589.192
2025-01-18 02:15,6589.220
2025-01-18 02:30,6589.251
2025-01-18 02:45,6589.313
2025-01-18 03:00,6589.424
2025-01-18 03:15,6589.529
2025-01-18 03:30,6589.628
2025-01-18 03:45,6589.678
2025-01-18 04:00,6589.747
2025-01-18 04:15,6589.818
2025-01-18 04:30,6589.905
2025-01-18 04:45,6590.023
2025-01-18 05:00,6590.093
2025-01-18 05:15,6590.154
2025-01-18 05:30,6590.220
2025-01-18 05:45,6590.291
2025-01-18 06:00,6590.403
2025-01-18 06:15,6590.494
2025-01-18 06:30,6590.564
2025-01-18 06:45,6590.632
2025-01-18 07:00,6590.799
2025-01-18 07:15,6590.927
2025-01-18 07:30,6590.930
2025-01-18 07:45,6590.930
2025-01-18 08:00,6590.930
2025-01-18 08:15,6591.221
2025-01-18 08:30,6591.221
2025-01-18 08:45,6591.239
2025-01-18 09:00,6591.283
2025-01-18 09:15,6591.350
2025-01-18 09:30,6591.487
2025-01-18 09:45,6591.599
2025-01-18 10:00,6591.688
2025-01-18 10:15,6591.837
2025-01-18 10:30,6592.088
2025-01-18 10:45,6592.156
2025-01-18 11:00,6592.176
2025-01-18 11:15,6592.176
2025-01-18 11:30,6592.485
2025-01-18 11:45,6592.761
2025-01-18 12:00,6592.761
2025-01-18 12:15,6592.761
2025-01-18 12:30,6592.934
2025-01-18 12:45,6593.079
2025-01-18 13:00,6593.079
2025-01-18 13:15,6593.111
2025-01-18 13:30,6593.339
2025-01-18 13:45,6593.397
2025-01-18 14:00,6593.501
2025-01-18 14:15,6593.564
2025-01-18 14:30,6593.655
2025-01-18 14:45,6593.893
2025-01-18 15:00,6593.999
2025-01-18 15:15,6594.007
2025-01-18 15:30,6594.007
2025-01-18 15:45,6594.201
2025-01-18 16:00,6594.264
2025-01-18 16:15,6594.283
2025-01-18 16:30,6594.337
2025-01-18 16:45,6594.507
2025-01-18 17:00,6594.632
2025-01-18 17:15,6594.755
2025-01-18 17:30,6594.865
2025-01-18 17:45,6594.976
2025-01-18 18:00,6595.057
2025-01-18 18:15,6595.235
2025-01-18 18:30,6595.359
2025-01-18 18:45,6595.375
2025-01-18 19:00,6595.375
2025-01-18 19:15,6595.562
2025-01-18 19:30,6595.663
2025-01-18 19:45,6595.663
2025-01-18 20:00,6595.736
2025-01-18 20:15,6595.792
2025-01-18 20:30,6595.985
2025-01-18 20:45,6596.087
2025-01-18 21:00,6596.248
2025-01-18 21:15,6596.490
2025-01-18 21:30,6596.571
2025-01-18 21:45,6596.573
2025-01-18 22:00,6596.573
2025-01-18 22:15,6596.573
2025-01-18 22:30,6596.894
2025-01-18 22:45,6597.025
2025-01-18 23:00,6597.370
2025-01-18 23:15,6597.567
2025-01-18 23:30,6597.567
2025-01-18 23:45,6597.567
2025-01-19 00:00,6597.592
2025-01-19 00:15,6597.664
2025-01-19 00:30,6597.798
2025-01-19 00:45,6597.798
2025-01-19 01:00,6597.798
2025-01-19 01:15,6598.053
2025-01-19 01:30,6598.053
2025-01-19 01:45,6598.066
2025-01-19 02:00,6598.214
2025-01-19 02:15,6598.249
2025-01-19 02:30,6598.249
2025-01-19 02:45,6598.428
2025-01-19 03:00,6598.517
2025-01-19 03:15,6598.541
2025-01-19 03:30,6598.541
2025-01-19 03:45,6598.764
2025-01-19 04:00,6598.764
2025-01-19 04:15,6598.821
2025-01-19 04:30,6598.894
2025-01-19 04:45,6599.001
2025-01-19 05:00,6599.155
2025-01-19 05:15,6599.233
2025-01-19 05:30,6599.233
2025-01-19 05:45,6599.233
2025-01-19 06:00,6599.462
2025-01-19 06:15,6599.462
2025-01-19 06:30,6599.462
2025-01-19 06:45,6599.643
2025-01-19 07:00,6599.673
2025-01-19 07:15,6599.673
2025-01-19 07:30,6599.839
2025-01-19 07:45,6599.914
2025-01-19 08:00,6600.009
2025-01-19 08:15,6600.147
2025-01-19 08:30,6600.185
2025-01-19 08:45,6600.211
2025-01-19 09:00,6600.217
2025-01-19 09:15,6600.440
2025-01-19 09:30,6600.440
2025-01-19 09:45,6600.474
2025-01-19 10:00,6600.512
2025-01-19 10:15,6600.965
2025-01-19 10:30,6600.974
2025-01-19 10:45,6601.032
2025-01-19 11:00,6601.124
2025-01-19 11:15,6601.219
2025-01-19 11:30,6601.318
2025-01-19 11:45,6601.414
2025-01-19 12:00,6601.648
2025-01-19 12:15,6601.686
2025-01-19 12:30,6601.686
2025-01-19 12:45,6601.820
2025-01-19 13:00,6602.036
2025-01-19 13:15,6602.108
2025-01-19 13:30,6602.108
2025-01-19 13:45,6602.309
2025-01-19 14:00,6602.375
2025-01-19 14:15,6602.375
2025-01-19 14:30,6602.472
2025-01-19 14:45,6602.573
2025-01-19 15:00,6602.738
2025-01-19 15:15,6602.830
2025-01-19 15:30,6602.925
2025-01-19 15:45,6603.005
2025-01-19 16:00,6603.130
2025-01-19 16:15,6603.249
2025-01-19 16:30,6603.340
2025-01-19 16:45,6603.553
2025-01-19 17:00,6603.614
2025-01-19 17:15,6603.666
2025-01-19 17:30,6603.668
2025-01-19 17:45,6603.724
2025-01-19 18:00,6603.879
2025-01-19 18:15,6604.130
2025-01-19 18:30,6604.189
2025-01-19 18:45,6604.243
2025-01-19 19:00,6604.327
2025-01-19 19:15,6604.521
2025-01-19 19:30,6604.645
2025-01-19 19:45,6604.645
2025-01-19 20:00,6604.645
2025-01-19 20:15,6604.684
2025-01-19 20:30,6604.952
2025-01-19 20:45,6604.952
2025-01-19 21:00,6604.974
2025-01-19 21:15,6605.310
2025-01-19 21:30,6605.413
2025-01-19 21:45,6605.413
2025-01-19 22:00,6605.413
2025-01-19 22:15,6605.525
2025-01-19 22:30,6605.780
2025-01-19 22:45,6605.998
2025-01-19 23:00,6605.998
2025-01-19 23:15,6606.066
2025-01-19 23:30,6606.356
2025-01-19 23:45,6606.373
2025-01-20 00:00,6606.373
2025-01-20 00:15,6606.373
2025-01-20 00:30,6606.448
2025-01-20 00:45,6606.674
2025-01-20 01:00,6606.674
2025-01-20 01:15,6606.674
2025-01-20 01:30,6606.674
2025-01-20 01:45,6606.818
2025-01-20 02:00,6606.858
2025-01-20 02:15,6606.858
2025-01-20 02:30,6607.117
2025-01-20 02:45,6607.153
2025-01-20 03:00,6607.153
2025-01-20 03:15,6607.153
2025-01-20 03:30,6607.281
2025-01-20 03:45,6607.367
2025-01-20 04:00,6607.367
2025-01-20 04:15,6607.408
2025-01-20 04:30,6607.584
2025-01-20 04:45,6607.613
2025-01-20 05:00,6607.778
2025-01-20 05:15,6607.889
2025-01-20 05:30,6607.929
2025-01-20 05:45,6607.929
2025-01-20 06:00,6607.929
2025-01-20 06:15,6608.166
2025-01-20 06:30,6608.166
2025-01-20 06:45,6608.166
2025-01-20 07:00,6608.273
2025-01-20 07:15,6608.411
2025-01-20 07:30,6608.571
2025-01-20 07:45,6608.663
2025-01-20 08:00,6608.734
2025-01-20 08:15,6608.953
2025-01-20 08:30,6609.020
2025-01-20 08:45,6609.059
2025-01-20 09:00,6609.059
2025-01-20 09:15,6609.397
2025-01-20 09:30,6609.431
2025-01-20 09:45,6609.431
2025-01-20 10:00,6609.482
2025-01-20 10:15,6609.686
2025-01-20 10:30,6609.686
2025-01-20 10:45,6609.813
2025-01-20 11:00,6609.893
2025-01-20 11:15,6609.986
2025-01-20 11:30,6610.080
2025-01-20 11:45,6610.159
2025-01-20 12:00,6610.240
2025-01-20 12:15,6610.327
2025-01-20 12:30,6610.419
2025-01-20 12:45,6610.507
2025-01-20 13:00,6610.593
2025-01-20 13:15,6610.678
2025-01-20 13:30,6610.858
2025-01-20 13:45,6610.968
2025-01-20 14:00,6610.977
2025-01-20 14:15,6610.977
2025-01-20 14:30,6611.202
2025-01-20 14:45,6611.213
2025-01-20 15:00,6611.304
2025-01-20 15:15,6611.417
2025-01-20 15:30,6611.497
2025-01-20 15:45,6611.530
2025-01-20 16:00,6611.655
2025-01-20 16:15,6611.756
2025-01-20 16:30,6611.853
2025-01-20 16:45,6611.951
2025-01-20 17:00,6612.030
2025-01-20 17:15,6612.128
2025-01-20 17:30,6612.205
2025-01-20 17:45,6612.351
2025-01-20 18:00,6612.443
2025-01-20 18:15,6612.676
2025-01-20 18:30,6612.704
2025-01-20 18:45,6612.748
2025-01-20 19:00,6612.826
2025-01-20 19:15,6612.923
2025-01-20 19:30,6613.061
2025-01-20 19:45,6613.122
2025-01-20 20:00,6613.204
2025-01-20 20:15,6613.396
2025-01-20 20:30,6613.517
2025-01-20 20:45,6613.596
2025-01-20 21:00,6613.596
2025-01-20 21:15,6613.596
2025-01-20 21:30,6613.866
2025-01-20 21:45,6614.013
2025-01-20 22:00,6614.043
2025-01-20 22:15,6614.043
2025-01-20 22:30,6614.089
2025-01-20 22:45,6614.388
2025-01-20 23:00,6614.445
2025-01-20 23:15,6614.580
2025-01-20 23:30,6614.632
2025-01-20 23:45,6614.641
2025-01-21 00:00,6614.718
2025-01-21 00:15,6614.782
2025-01-21 00:30,6614.809
2025-01-21 00:45,6614.873
2025-01-21 01:00,6614.943
2025-01-21 01:15,6615.013
2025-01-21 01:30,6615.085
2025-01-21 01:45,6615.117
2025-01-21 02:00,6615.183
2025-01-21 02:15,6615.249
2025-01-21 02:30,6615.319
2025-01-21 02:45,6615.400
2025-01-21 03:00,6615.475
2025-01-21 03:15,6615.623
2025-01-21 03:30,6615.623
2025-01-21 03:45,6615.665
2025-01-21 04:00,6615.727
2025-01-21 04:15,6615.905
2025-01-21 04:30,6615.905
2025-01-21 04:45,6615.957
2025-01-21 05:00,6616.029
2025-01-21 05:15,6616.095
2025-01-21 05:30,6616.237
2025-01-21 05:45,6616.237
2025-01-21 06:00,6616.307
2025-01-21 06:15,6616.446
2025-01-21 06:30,6616.457
2025-01-21 06:45,6616.536
2025-01-21 07:00,6616.693
2025-01-21 07:15,6616.717
2025-01-21 07:30,6616.877
2025-01-21 07:45,6617.063
2025-01-21 08:00,6617.074
2025-01-21 08:15,6617.127
2025-01-21 08:30,6617.310
2025-01-21 08:45,6617.324
2025-01-21 09:00,6617.364
2025-01-21 09:15,6617.652
2025-01-21 09:30,6617.697
2025-01-21 09:45,6617.748
2025-01-21 10:00,6617.903
2025-01-21 10:15,6617.965
2025-01-21 10:30,6617.988
2025-01-21 10:45,6618.192
2025-01-21 11:00,6618.269
2025-01-21 11:15,6618.269
2025-01-21 11:30,6618.437
2025-01-21 11:45,6618.529
2025-01-21 12:00,6618.563
2025-01-21 12:15,6618.711
2025-01-21 12:30,6618.805
2025-01-21 12:45,6618.831
2025-01-21 13:00,6618.969
2025-01-21 13:15,6619.065
2025-01-21 13:30,6619.097
2025-01-21 13:45,6619.239
2025-01-21 14:00,6619.325
2025-01-21 14:15,6619.376
2025-01-21 14:30,6619.541
2025-01-21 14:45,6619.597
2025-01-21 15:00,6619.674
2025-01-21 15:15,6619.850
2025-01-21 15:30,6619.857
2025-01-21 15:45,6619.972
2025-01-21 16:00,6620.087
2025-01-21 16:15,6620.120
2025-01-21 16:30,6620.314
2025-01-21 16:45,6620.376
2025-01-21 17:00,6620.397
2025-01-21 17:15,6620.629
2025-01-21 17:30,6620.651
2025-01-21 17:45,6620.685
2025-01-21 18:00,6620.887
2025-01-21 18:15,6621.021
2025-01-21 18:30,6621.142
2025-01-21 18:45,6621.227
2025-01-21 19:00,6621.249
2025-01-21 19:15,6621.333
2025-01-21 19:30,6621.528
2025-01-21 19:45,6621.528
2025-01-21 20:00,6621.687
2025-01-21 20:15,6621.746
2025-01-21 20:30,6621.780
2025-01-21 20:45,6621.966
2025-01-21 21:00,6622.028
2025-01-21 21:15,6622.347
2025-01-21 21:30,6622.431
2025-01-21 21:45,6622.488
2025-01-21 22:00,6622.494
2025-01-21 22:15,6622.570
2025-01-21 22:30,6622.836
2025-01-21 22:45,6622.839
2025-01-21 23:00,6622.839
2025-01-21 23:15,6622.896
2025-01-21 23:30,6622.930
2025-01-21 23:45,6623.159
2025-01-22 00:00,6623.213
2025-01-22 00:15,6623.252
2025-01-22 00:30,6623.322
2025-01-22 00:45,6623.463
2025-01-22 01:00,6623.463
2025-01-22 01:15,6623.525
2025-01-22 01:30,6623.678
2025-01-22 01:45,6623.678
2025-01-22 02:00,6623.748
2025-01-22 02:15,6623.865
2025-01-22 02:30,6623.929
2025-01-22 02:45,6623.964
2025-01-22 03:00,6624.112
2025-01-22 03:15,6624.167
2025-01-22 03:30,6624.167
2025-01-22 03:45,6624.321
2025-01-22 04:00,6624.374
2025-01-22 04:15,6624.406
2025-01-22 04:30,6624.561
2025-01-22 04:45,6624.662
2025-01-22 05:00,6624.662
2025-01-22 05:15,6624.802
2025-01-22 05:30,6624.850
2025-01-22 05:45,6624.898
2025-01-22 06:00,6624.961
2025-01-22 06:15,6625.084
2025-01-22 06:30,6625.131
2025-01-22 06:45,6625.159
2025-01-22 07:00,6625.334
2025-01-22 07:15,6625.402
2025-01-22 07:30,6625.402
2025-01-22 07:45,6625.747
2025-01-22 08:00,6625.747
2025-01-22 08:15,6625.894
2025-01-22 08:30,6625.967
2025-01-22 08:45,6626.054
2025-01-22 09:00,6626.266
2025-01-22 09:15,6626.421
2025-01-22 09:30,6626.520
2025-01-22 09:45,6626.650
2025-01-22 10:00,6626.678
2025-01-22 10:15,6626.761
2025-01-22 10:30,6626.923
2025-01-22 10:45,6626.923
2025-01-22 11:00,6627.055
2025-01-22 11:15,6627.166
2025-01-22 11:30,6627.213
2025-01-22 11:45,6627.398
2025-01-22 12:00,6627.398
2025-01-22 12:15,6627.490
2025-01-22 12:30,6627.651
2025-01-22 12:45,6627.691
2025-01-22 13:00,6627.796
2025-01-22 13:15,6627.869
2025-01-22 13:30,6628.028
2025-01-22 13:45,6628.056
2025-01-22 14:00,6628.150
2025-01-22 14:15,6628.275
2025-01-22 14:30,6628.314
2025-01-22 14:45,6628.376
2025-01-22 15:00,6628.562
2025-01-22 15:15,6628.613
2025-01-22 15:30,6628.687
2025-01-22 15:45,6628.748
2025-01-22 16:00,6628.925
2025-01-22 16:15,6628.955
2025-01-22 16:30,6629.009
2025-01-22 16:45,6629.207
2025-01-22 17:00,6629.250
2025-01-22 17:15,6629.308
2025-01-22 17:30,6629.399
2025-01-22 17:45,6629.453
2025-01-22 18:00,6629.666
2025-01-22 18:15,6629.833
2025-01-22 18:30,6629.919
2025-01-22 18:45,6629.919
2025-01-22 19:00,6629.919
2025-01-22 19:15,6630.075
2025-01-22 19:30,6630.160
2025-01-22 19:45,6630.234
2025-01-22 20:00,6630.310
2025-01-22 20:15,6630.511
2025-01-22 20:30,6630.606
2025-01-22 20:45,6630.675
2025-01-22 21:00,6630.737
2025-01-22 21:15,6631.037
2025-01-22 21:30,6631.055
2025-01-22 21:45,6631.061
2025-01-22 22:00,6631.136
2025-01-22 22:15,6631.326
2025-01-22 22:30,6631.326
2025-01-22 22:45,6631.326
2025-01-22 23:00,6631.362
2025-01-22 23:15,6631.651
2025-01-22 23:30,6631.651
2025-01-22 23:45,6631.788
2025-01-23 00:00,6631.788
2025-01-23 00:15,6631.889
2025-01-23 00:30,6631.941
2025-01-23 00:45,6631.941
2025-01-23 01:00,6632.071
2025-01-23 01:15,6632.151
2025-01-23 01:30,6632.184
2025-01-23 01:45,6632.197
2025-01-23 02:00,6632.282
2025-01-23 02:15,6632.347
2025-01-23 02:30,6632.389
2025-01-23 02:45,6632.443
2025-01-23 03:00,6632.511
2025-01-23 03:15,6632.595
2025-01-23 03:30,6632.702
2025-01-23 03:45,6632.702
2025-01-23 04:00,6632.787
2025-01-23 04:15,6632.873
2025-01-23 04:30,6632.922
2025-01-23 04:45,6632.971
2025-01-23 05:00,6633.025
2025-01-23 05:15,6633.111
2025-01-23 05:30,6633.193
2025-01-23 05:45,6633.220
2025-01-23 06:00,6633.313
2025-01-23 06:15,6633.386
2025-01-23 06:30,6633.402
2025-01-23 06:45,6633.498
2025-01-23 07:00,6633.572
2025-01-23 07:15,6633.636
2025-01-23 07:30,6633.689
2025-01-23 07:45,6633.885
2025-01-23 08:00,6633.885
2025-01-23 08:15,6633.949
2025-01-23 08:30,6634.085
2025-01-23 08:45,6634.139
2025-01-23 09:00,6634.309
2025-01-23 09:15,6634.463
2025-01-23 09:30,6634.535
2025-01-23 09:45,6634.548
2025-01-23 10:00,6634.692
2025-01-23 10:15,6634.775
2025-01-23 10:30,6634.795
2025-01-23 10:45,6634.921
2025-01-23 11:00,6634.993
2025-01-23 11:15,6635.014
2025-01-23 11:30,6635.144
2025-01-23 11:45,6635.276
2025-01-23 12:00,6635.276
2025-01-23 12:15,6635.330
2025-01-23 12:30,6635.482
2025-01-23 12:45,6635.518
2025-01-23 13:00,6635.536
2025-01-23 13:15,6635.703
2025-01-23 13:30,6635.766
2025-01-23 13:45,6635.784
2025-01-23 14:00,6635.917
2025-01-23 14:15,6636.001
2025-01-23 14:30,6636.012
2025-01-23 14:45,6636.063
2025-01-23 15:00,6636.207
2025-01-23 15:15,6636.258
2025-01-23 15:30,6636.276
2025-01-23 15:45,6636.404
2025-01-23 16:00,6636.492
2025-01-23 16:15,6636.511
2025-01-23 16:30,6636.636
2025-01-23 16:45,6636.751
2025-01-23 17:00,6636.751
2025-01-23 17:15,6636.847
2025-01-23 17:30,6636.972
2025-01-23 17:45,6637.000
2025-01-23 18:00,6637.101
2025-01-23 18:15,6637.330
2025-01-23 18:30,6637.349
2025-01-23 18:45,6637.397
2025-01-23 19:00,6637.419
2025-01-23 19:15,6637.608
2025-01-23 19:30,6637.661
2025-01-23 19:45,6637.690
2025-01-23 20:00,6637.876
2025-01-23 20:15,6637.912
2025-01-23 20:30,6637.940
2025-01-23 20:45,6638.132
2025-01-23 21:00,6638.173
2025-01-23 21:15,6638.455
2025-01-23 21:30,6638.536
2025-01-23 21:45,6638.536
2025-01-23 22:00,6638.536
2025-01-23 22:15,6638.642
2025-01-23 22:30,6638.754
2025-01-23 22:45,6638.755
2025-01-23 23:00,6638.875
2025-01-23 23:15,6639.128
2025-01-23 23:30,6639.174
2025-01-23 23:45,6639.318
2025-01-24 00:00,6639.324
2025-01-24 00:15,6639.411
2025-01-24 00:30,6639.490
2025-01-24 00:45,6639.490
2025-01-24 01:00,6639.532
2025-01-24 01:15,6639.668
2025-01-24 01:30,6639.668
2025-01-24 01:45,6639.765
2025-01-24 02:00,6639.811
2025-01-24 02:15,6639.811
2025-01-24 02:30,6639.902
2025-01-24 02:45,6639.984
2025-01-24 03:00,6640.108
2025-01-24 03:15,6640.108
2025-01-24 03:30,6640.131
2025-01-24 03:45,6640.262
2025-01-24 04:00,6640.297
2025-01-24 04:15,6640.297
2025-01-24 04:30,6640.438
2025-01-24 04:45,6640.489
2025-01-24 05:00,6640.489
2025-01-24 05:15,6640.605
2025-01-24 05:30,6640.681
2025-01-24 05:45,6640.686
2025-01-24 06:00,6640.742
2025-01-24 06:15,6640.907
2025-01-24 06:30,6640.907
2025-01-24 06:45,6640.924
2025-01-24 07:00,6641.045
2025-01-24 07:15,6641.116
2025-01-24 07:30,6641.116
2025-01-24 07:45,6641.261
2025-01-24 08:00,6641.369
2025-01-24 08:15,6641.375
2025-01-24 08:30,6641.593
2025-01-24 08:45,6641.800
2025-01-24 09:00,6641.800
2025-01-24 09:15,6641.880
2025-01-24 09:30,6642.001
2025-01-24 09:45,6642.066
2025-01-24 10:00,6642.106
2025-01-24 10:15,6642.205
2025-01-24 10:30,6642.289
2025-01-24 10:45,6642.387
2025-01-24 11:00,6642.465
2025-01-24 11:15,6642.552
2025-01-24 11:30,6642.631
2025-01-24 11:45,6642.705
2025-01-24 12:00,6642.794
2025-01-24 12:15,6642.863
2025-01-24 12:30,6642.941
2025-01-24 12:45,6642.991
2025-01-24 13:00,6643.034
2025-01-24 13:15,6643.152
2025-01-24 13:30,6643.214
2025-01-24 13:45,6643.290
2025-01-24 14:00,6643.384
2025-01-24 14:15,6643.452
2025-01-24 14:30,6643.520
2025-01-24 14:45,6643.577
2025-01-24 15:00,6643.684
2025-01-24 15:15,6643.781
2025-01-24 15:30,6643.798
2025-01-24 15:45,6643.899
2025-01-24 16:00,6643.971
2025-01-24 16:15,6644.081
2025-01-24 16:30,6644.119
2025-01-24 16:45,6644.138
2025-01-24 17:00,6644.279
2025-01-24 17:15,6644.335
2025-01-24 17:30,6644.355
2025-01-24 17:45,6644.522
2025-01-24 18:00,6644.571
2025-01-24 18:15,6644.731
2025-01-24 18:30,6644.746
2025-01-24 18:45,6644.746
2025-01-24 19:00,6644.925
2025-01-24 19:15,6644.982
2025-01-24 19:30,6644.982
2025-01-24 19:45,6645.031
2025-01-24 20:00,6645.198
2025-01-24 20:15,6645.240
2025-01-24 20:30,6645.265
2025-01-24 20:45,6645.413
2025-01-24 21:00,6645.468
2025-01-24 21:15,6645.742
2025-01-24 21:30,6645.770
2025-01-24 21:45,6645.810
2025-01-24 22:00,6645.820
2025-01-24 22:15,6645.964
2025-01-24 22:30,6646.003
2025-01-24 22:45,6646.003
2025-01-24 23:00,6646.003
2025-01-24 23:15,6646.084
2025-01-24 23:30,6646.212
2025-01-24 23:45,6646.212
2025-01-25 00:00,6646.212
2025-01-25 00:15,6646.334
2025-01-25 00:30,6646.411
2025-01-25 00:45,6646.411
2025-01-25 01:00,6646.411
2025-01-25 01:15,6646.552
2025-01-25 01:30,6646.595
2025-01-25 01:45,6646.595
2025-01-25 02:00,6646.677
2025-01-25 02:15,6646.751
2025-01-25 02:30,6646.799
2025-01-25 02:45,6646.841
2025-01-25 03:00,6646.884
2025-01-25 03:15,6646.927
2025-01-25 03:30,6647.017
2025-01-25 03:45,6647.062
2025-01-25 04:00,6647.084
2025-01-25 04:15,6647.145
2025-01-25 04:30,6647.237
2025-01-25 04:45,6647.296
2025-01-25 05:00,6647.296
2025-01-25 05:15,6647.390
2025-01-25 05:30,6647.435
2025-01-25 05:45,6647.479
2025-01-25 06:00,6647.561
2025-01-25 06:15,6647.635
2025-01-25 06:30,6647.655
2025-01-25 06:45,6647.747
2025-01-25 07:00,6647.808
2025-01-25 07:15,6647.862
2025-01-25 07:30,6647.862
2025-01-25 07:45,6647.955
2025-01-25 08:00,6648.018
2025-01-25 08:15,6648.063
2025-01-25 08:30,6648.132
2025-01-25 08:45,6648.193
2025-01-25 09:00,6648.248
2025-01-25 09:15,6648.353
2025-01-25 09:30,6648.540
2025-01-25 09:45,6648.570
2025-01-25 10:00,6648.740
2025-01-25 10:15,6648.948
2025-01-25 10:30,6649.009
2025-01-25 10:45,6649.016
2025-01-25 11:00,6649.016
2025-01-25 11:15,6649.170
2025-01-25 11:30,6649.284
2025-01-25 11:45,6649.284
2025-01-25 12:00,6649.344
2025-01-25 12:15,6649.512
2025-01-25 12:30,6649.531
2025-01-25 12:45,6649.606
2025-01-25 13:00,6649.662
2025-01-25 13:15,6649.719
2025-01-25 13:30,6649.801
2025-01-25 13:45,6649.860
2025-01-25 14:00,6649.938
2025-01-25 14:15,6649.997
2025-01-25 14:30,6650.078
2025-01-25 14:45,6650.115
2025-01-25 15:00,6650.191
2025-01-25 15:15,6650.229
2025-01-25 15:30,6650.283
2025-01-25 15:45,6650.336
2025-01-25 16:00,6650.419
2025-01-25 16:15,6650.498
2025-01-25 16:30,6650.569
2025-01-25 16:45,6650.630
2025-01-25 17:00,6650.687
2025-01-25 17:15,6650.826
2025-01-25 17:30,6650.826
2025-01-25 17:45,6650.865
2025-01-25 18:00,6650.923
2025-01-25 18:15,6651.171
2025-01-25 18:30,6651.269
2025-01-25 18:45,6651.269
2025-01-25 19:00,6651.287
2025-01-25 19:15,6651.329
2025-01-25 19:30,6651.483
2025-01-25 19:45,6651.540
2025-01-25 20:00,6651.553
2025-01-25 20:15,6651.631
2025-01-25 20:30,6651.705
2025-01-25 20:45,6651.764
2025-01-25 21:00,6651.833
2025-01-25 21:15,6652.089
2025-01-25 21:30,6652.116
2025-01-25 21:45,6652.116
2025-01-25 22:00,6652.174
2025-01-25 22:15,6652.268
2025-01-25 22:30,6652.354
2025-01-25 22:45,6652.354
2025-01-25 23:00,6652.469
2025-01-25 23:15,6652.551
2025-01-25 23:30,6652.586
2025-01-25 23:45,6652.594
2025-01-26 00:00,6652.653
2025-01-26 00:15,6652.741
2025-01-26 00:30,6652.780
2025-01-26 00:45,6652.780
2025-01-26 01:00,6652.938
2025-01-26 01:15,6652.949
2025-01-26 01:30,6652.949
2025-01-26 01:45,6653.094
2025-01-26 02:00,6653.146
2025-01-26 02:15,6653.146
2025-01-26 02:30,6653.269
2025-01-26 02:45,6653.342
2025-01-26 03:00,6653.342
2025-01-26 03:15,6653.378
2025-01-26 03:30,6653.522
2025-01-26 03:45,6653.548
2025-01-26 04:00,6653.548
2025-01-26 04:15,6653.684
2025-01-26 04:30,6653.755
2025-01-26 04:45,6653.755
2025-01-26 05:00,6653.840
2025-01-26 05:15,6653.943
2025-01-26 05:30,6654.008
2025-01-26 05:45,6654.008
2025-01-26 06:00,6654.136
2025-01-26 06:15,6654.217
2025-01-26 06:30,6654.217
2025-01-26 06:45,6654.296
2025-01-26 07:00,6654.351
2025-01-26 07:15,6654.431
2025-01-26 07:30,6654.460
2025-01-26 07:45,6654.574
2025-01-26 08:00,6654.653
2025-01-26 08:15,6654.671
2025-01-26 08:30,6654.769
2025-01-26 08:45,6654.855
2025-01-26 09:00,6654.884
2025-01-26 09:15,6655.017
2025-01-26 09:30,6655.023
2025-01-26 09:45,6655.249
2025-01-26 10:00,6655.383
2025-01-26 10:15,6655.629
2025-01-26 10:30,6655.720
2025-01-26 10:45,6655.780
2025-01-26 11:00,6655.780
2025-01-26 11:15,6655.832
2025-01-26 11:30,6655.962
2025-01-26 11:45,6656.053
2025-01-26 12:00,6656.153
2025-01-26 12:15,6656.221
2025-01-26 12:30,6656.244
2025-01-26 12:45,6656.279
2025-01-26 13:00,6656.428
2025-01-26 13:15,6656.473
2025-01-26 13:30,6656.510
2025-01-26 13:45,6656.642
2025-01-26 14:00,6656.662
2025-01-26 14:15,6656.754
2025-01-26 14:30,6656.849
2025-01-26 14:45,6656.925
2025-01-26 15:00,6656.996
2025-01-26 15:15,6657.084
2025-01-26 15:30,6657.084
2025-01-26 15:45,6657.173
2025-01-26 16:00,6657.277
2025-01-26 16:15,6657.398
2025-01-26 16:30,6657.446
2025-01-26 16:45,6657.491
2025-01-26 17:00,6657.632
2025-01-26 17:15,6657.706
2025-01-26 17:30,6657.706
2025-01-26 17:45,6657.920
2025-01-26 18:00,6657.970
2025-01-26 18:15,6658.200
2025-01-26 18:30,6658.300
2025-01-26 18:45,6658.300
2025-01-26 19:00,6658.300
2025-01-26 19:15,6658.423
2025-01-26 19:30,6658.534
2025-01-26 19:45,6658.534
2025-01-26 20:00,6658.592
2025-01-26 20:15,6658.680
2025-01-26 20:30,6658.816
2025-01-26 20:45,6658.817
2025-01-26 21:00,6658.863
2025-01-26 21:15,6659.315
2025-01-26 21:30,6659.315
2025-01-26 21:45,6659.315
2025-01-26 22:00,6659.392
2025-01-26 22:15,6659.870
2025-01-26 22:30,6659.908
2025-01-26 22:45,6660.175
2025-01-26 23:00,6660.289
2025-01-26 23:15,6660.289
2025-01-26 23:30,6660.289
2025-01-26 23:45,6660.289
2025-01-27 00:00,6660.445
2025-01-27 00:15,6660.463
2025-01-27 00:30,6660.499
2025-01-27 00:45,6660.655
2025-01-27 01:00,6660.655
2025-01-27 01:15,6660.713
2025-01-27 01:30,6660.792
2025-01-27 01:45,6660.823
2025-01-27 02:00,6660.885
2025-01-27 02:15,6660.949
2025-01-27 02:30,6660.981
2025-01-27 02:45,6661.038
2025-01-27 03:00,6661.101
2025-01-27 03:15,6661.187
2025-01-27 03:30,6661.221
2025-01-27 03:45,6661.286
2025-01-27 04:00,6661.347
2025-01-27 04:15,6661.374
2025-01-27 04:30,6661.439
2025-01-27 04:45,6661.473
2025-01-27 05:00,6661.690
2025-01-27 05:15,6661.690
2025-01-27 05:30,6661.690
2025-01-27 05:45,6661.740
2025-01-27 06:00,6661.797
2025-01-27 06:15,6661.848
2025-01-27 06:30,6661.899
2025-01-27 06:45,6661.955
2025-01-27 07:00,6662.017
2025-01-27 07:15,6662.078
2025-01-27 07:30,6662.123
2025-01-27 07:45,6662.315
2025-01-27 08:00,6662.387
2025-01-27 08:15,6662.483
2025-01-27 08:30,6662.559
2025-01-27 08:45,6662.612
2025-01-27 09:00,6662.757
2025-01-27 09:15,6662.840
2025-01-27 09:30,6662.956
2025-01-27 09:45,6663.097
2025-01-27 10:00,6663.128
2025-01-27 10:15,6663.259
2025-01-27 10:30,6663.294
2025-01-27 10:45,6663.373
2025-01-27 11:00,6663.444
2025-01-27 11:15,6663.477
2025-01-27 11:30,6663.518
2025-01-27 11:45,6663.597
2025-01-27 12:00,6663.659
2025-01-27 12:15,6663.704
2025-01-27 12:30,6663.759
2025-01-27 12:45,6663.826
2025-01-27 13:00,6663.878
2025-01-27 13:15,6663.928
2025-01-27 13:30,6663.951
2025-01-27 13:45,6663.951
2025-01-27 14:00,6663.951
2025-01-27 14:15,6664.060
2025-01-27 14:30,6664.081
2025-01-27 14:45,6664.093
2025-01-27 15:00,6664.157
2025-01-27 15:15,6664.199
2025-01-27 15:30,6664.199
2025-01-27 15:45,6664.242
2025-01-27 16:00,6664.320
2025-01-27 16:15,6664.352
2025-01-27 16:30,6664.379
2025-01-27 16:45,6664.403
2025-01-27 17:00,6664.786
2025-01-27 17:15,6664.786
2025-01-27 17:30,6664.786
2025-01-27 17:45,6664.786
2025-01-27 18:00,6664.883
2025-01-27 18:15,6665.141
2025-01-27 18:30,6665.159
2025-01-27 18:45,6665.159
2025-01-27 19:00,6665.167
2025-01-27 19:15,6665.301
2025-01-27 19:30,6665.377
2025-01-27 19:45,6665.377
2025-01-27 20:00,6665.511
2025-01-27 20:15,6665.577
2025-01-27 20:30,6665.577
2025-01-27 20:45,6665.712
2025-01-27 21:00,6665.787
2025-01-27 21:15,6665.822
2025-01-27 21:30,6665.927
2025-01-27 21:45,
2025-01-27 22:00,
2025-01-27 22:15,
2025-01-27 22:30,
2025-01-27 22:45,
2025-01-27 23:00,
2025-01-27 23:15,
2025-01-27 23:30,
2025-01-27 23:45,
