time,Import T1 kWh,Import T2 kWh,Export T1 kWh,Export T2 kWh
2024-10-25 00:00,11956.964,9367.347,0.000,0.000
2024-10-25 00:15,11957.015,9367.347,0.000,0.000
2024-10-25 00:30,11957.067,9367.347,0.000,0.000
2024-10-25 00:45,11957.270,9367.347,0.000,0.000
2024-10-25 01:00,11957.349,9367.347,0.000,0.000
2024-10-25 01:15,11957.389,9367.347,0.000,0.000
2024-10-25 01:30,11957.443,9367.347,0.000,0.000
2024-10-25 01:45,11957.483,9367.347,0.000,0.000
2024-10-25 02:00,11957.534,9367.347,0.000,0.000
2024-10-25 02:15,11957.627,9367.347,0.000,0.000
2024-10-25 02:30,11957.667,9367.347,0.000,0.000
2024-10-25 02:45,11957.713,9367.347,0.000,0.000
2024-10-25 03:00,11957.755,9367.347,0.000,0.000
2024-10-25 03:15,11957.789,9367.347,0.000,0.000
2024-10-25 03:30,11957.914,9367.347,0.000,0.000
2024-10-25 03:45,11957.958,9367.347,0.000,0.000
2024-10-25 04:00,11957.998,9367.347,0.000,0.000
2024-10-25 04:15,11958.035,9367.347,0.000,0.000
2024-10-25 04:30,11958.088,9367.347,0.000,0.000
2024-10-25 04:45,11958.131,9367.347,0.000,0.000
2024-10-25 05:00,11958.240,9367.347,0.000,0.000
2024-10-25 05:15,11958.271,9367.347,0.000,0.000
2024-10-25 05:30,11958.306,9367.347,0.000,0.000
2024-10-25 05:45,11958.331,9367.347,0.000,0.000
2024-10-25 06:00,11958.358,9367.347,0.000,0.000
2024-10-25 06:15,11958.471,9367.347,0.000,0.000
2024-10-25 06:30,11958.515,9367.347,0.000,0.000
2024-10-25 06:45,11958.546,9367.347,0.000,0.000
2024-10-25 07:00,11958.574,9367.347,0.000,0.000
2024-10-25 07:15,11958.574,9367.373,0.000,0.000
2024-10-25 07:30,11958.574,9367.431,0.000,0.000
2024-10-25 07:45,11958.574,9367.563,0.000,0.000
2024-10-25 08:00,11958.574,9367.599,0.000,0.000
2024-10-25 08:15,11958.574,9367.634,0.000,0.000
2024-10-25 08:30,11958.574,9367.684,0.000,0.000
2024-10-25 08:45,11958.574,9367.723,0.000,0.000
2024-10-25 09:00,11958.574,9367.757,0.000,0.000
2024-10-25 09:15,11958.574,9367.941,0.000,0.000
2024-10-25 09:30,11958.574,9368.146,0.000,0.000
2024-10-25 09:45,11958.574,9368.275,0.000,0.000
2024-10-25 10:00,11958.574,9368.382,0.000,0.000
2024-10-25 10:15,11958.574,9368.435,0.000,0.000
2024-10-25 10:30,11958.574,9368.551,0.000,0.000
2024-10-25 10:45,11958.574,9368.609,0.000,0.000
2024-10-25 11:00,11958.574,9368.660,0.000,0.000
2024-10-25 11:15,11958.574,9368.715,0.000,0.000
2024-10-25 11:30,11958.574,9368.783,0.000,0.000
2024-10-25 11:45,11958.574,9369.015,0.000,0.000
2024-10-25 12:00,11958.574,9369.343,0.000,0.000
2024-10-25 12:15,11958.574,9369.398,0.000,0.000
2024-10-25 12:30,11958.574,9369.464,0.000,0.000
2024-10-25 12:45,11958.574,9369.515,0.000,0.000
2024-10-25 13:00,11958.574,9369.550,0.000,0.000
2024-10-25 13:15,11958.574,9369.594,0.000,0.000
2024-10-25 13:30,11958.574,9369.653,0.000,0.000
2024-10-25 13:45,11958.574,9369.713,0.000,0.000
2024-10-25 14:00,11958.574,9369.877,0.000,0.000
2024-10-25 14:15,11958.574,9369.928,0.000,0.000
2024-10-25 14:30,11958.574,9369.987,0.000,0.000
2024-10-25 14:45,11958.574,9370.028,0.000,0.000
2024-10-25 15:00,11958.574,9370.054,0.000,0.000
2024-10-25 15:15,11958.574,9370.079,0.000,0.000
2024-10-25 15:30,11958.574,9370.216,0.000,0.000
2024-10-25 15:45,11958.574,9370.318,0.000,0.000
2024-10-25 16:00,11958.574,9370.353,0.000,0.000
2024-10-25 16:15,11958.574,9370.521,0.000,0.000
2024-10-25 16:30,11958.574,9370.607,0.000,0.000
2024-10-25 16:45,11958.574,9370.981,0.000,0.000
2024-10-25 17:00,11958.574,9371.039,0.000,0.000
2024-10-25 17:15,11958.574,9371.094,0.000,0.000
2024-10-25 17:30,11958.574,9371.237,0.000,0.000
2024-10-25 17:45,11958.574,9371.530,0.000,0.000
2024-10-25 18:00,11958.574,9371.941,0.000,0.000
2024-10-25 18:15,11958.574,9372.072,0.000,0.000
2024-10-25 18:30,11958.574,9372.225,0.000,0.000
2024-10-25 18:45,11958.574,9372.332,0.000,0.000
2024-10-25 19:00,11958.574,9372.422,0.000,0.000
2024-10-25 19:15,11958.574,9372.514,0.000,0.000
2024-10-25 19:30,11958.574,9372.740,0.000,0.000
2024-10-25 19:45,11958.574,9372.831,0.000,0.000
2024-10-25 20:00,11958.574,9372.901,0.000,0.000
2024-10-25 20:15,11958.574,9373.067,0.000,0.000
2024-10-25 20:30,11958.574,9373.156,0.000,0.000
2024-10-25 20:45,11958.574,9373.234,0.000,0.000
2024-10-25 21:00,11958.576,9373.314,0.000,0.000
2024-10-25 21:15,11958.718,9373.314,0.000,0.000
2024-10-25 21:30,11958.806,9373.314,0.000,0.000
2024-10-25 21:45,11958.867,9373.314,0.000,0.000
2024-10-25 22:00,11958.914,9373.314,0.000,0.000
2024-10-25 22:15,11958.956,9373.314,0.000,0.000
2024-10-25 22:30,11959.074,9373.314,0.000,0.000
2024-10-25 22:45,11959.290,9373.314,0.000,0.000
2024-10-25 23:00,11959.373,9373.314,0.000,0.000
2024-10-25 23:15,11959.494,9373.314,0.000,0.000
2024-10-25 23:30,11959.603,9373.314,0.000,0.000
2024-10-25 23:45,11959.663,9373.314,0.000,0.000
2024-10-26 00:00,11959.762,9373.314,0.000,0.000
2024-10-26 00:15,11960.279,9373.314,0.000,0.000
2024-10-26 00:30,11960.538,9373.314,0.000,0.000
2024-10-26 00:45,11960.633,9373.314,0.000,0.000
2024-10-26 01:00,11960.735,9373.314,0.000,0.000
2024-10-26 01:15,11960.832,9373.314,0.000,0.000
2024-10-26 01:30,11960.893,9373.314,0.000,0.000
2024-10-26 01:45,11960.937,9373.314,0.000,0.000
2024-10-26 02:00,11960.976,9373.314,0.000,0.000
2024-10-26 02:15,11961.027,9373.314,0.000,0.000
2024-10-26 02:30,11961.184,9373.314,0.000,0.000
2024-10-26 02:45,11961.204,9373.314,0.000,0.000
2024-10-26 03:00,11961.225,9373.314,0.000,0.000
2024-10-26 03:15,11961.263,9373.314,0.000,0.000
2024-10-26 03:30,11961.298,9373.314,0.000,0.000
2024-10-26 03:45,11961.326,9373.314,0.000,0.000
2024-10-26 04:00,11961.434,9373.314,0.000,0.000
2024-10-26 04:15,11961.470,9373.314,0.000,0.000
2024-10-26 04:30,11961.492,9373.314,0.000,0.000
2024-10-26 04:45,11961.510,9373.314,0.000,0.000
2024-10-26 05:00,11961.530,9373.314,0.000,0.000
2024-10-26 05:15,11961.602,9373.314,0.000,0.000
2024-10-26 05:30,11961.672,9373.314,0.000,0.000
2024-10-26 05:45,11961.702,9373.314,0.000,0.000
2024-10-26 06:00,11961.734,9373.314,0.000,0.000
2024-10-26 06:15,11961.778,9373.314,0.000,0.000
2024-10-26 06:30,11961.807,9373.314,0.000,0.000
2024-10-26 06:45,11961.906,9373.314,0.000,0.000
2024-10-26 07:00,11961.929,9373.314,0.000,0.000
2024-10-26 07:15,11962.044,9373.314,0.000,0.000
2024-10-26 07:30,11962.068,9373.314,0.000,0.000
2024-10-26 07:45,11962.153,9373.314,0.000,0.000
2024-10-26 08:00,11962.191,9373.314,0.000,0.000
2024-10-26 08:15,11962.355,9373.314,0.000,0.000
2024-10-26 08:30,11962.418,9373.314,0.000,0.000
2024-10-26 08:45,11962.521,9373.314,0.000,0.000
2024-10-26 09:00,11962.570,9373.314,0.000,0.000
2024-10-26 09:15,11962.633,9373.314,0.000,0.000
2024-10-26 09:30,11962.671,9373.314,0.000,0.000
2024-10-26 09:45,11962.711,9373.314,0.000,0.000
2024-10-26 10:00,11962.763,9373.314,0.000,0.000
2024-10-26 10:15,11962.815,9373.314,0.000,0.000
2024-10-26 10:30,11962.850,9373.314,0.000,0.000
2024-10-26 10:45,11962.887,9373.314,0.000,0.000
2024-10-26 11:00,11963.185,9373.314,0.000,0.000
2024-10-26 11:15,11963.636,9373.314,0.000,0.000
2024-10-26 11:30,11964.394,9373.314,0.000,0.000
2024-10-26 11:45,11964.625,9373.314,0.000,0.000
2024-10-26 12:00,11965.045,9373.314,0.000,0.000
2024-10-26 12:15,11965.249,9373.314,0.000,0.000
2024-10-26 12:30,11965.328,9373.314,0.000,0.000
2024-10-26 12:45,11965.592,9373.314,0.000,0.000
2024-10-26 13:00,11965.649,9373.314,0.000,0.000
2024-10-26 13:15,11966.185,9373.314,0.000,0.000
2024-10-26 13:30,11966.242,9373.314,0.000,0.000
2024-10-26 13:45,11966.332,9373.314,0.000,0.000
2024-10-26 14:00,11966.680,9373.314,0.000,0.000
2024-10-26 14:15,11966.884,9373.314,0.000,0.000
2024-10-26 14:30,11966.962,9373.314,0.000,0.000
2024-10-26 14:45,11967.122,9373.314,0.000,0.000
2024-10-26 15:00,11967.223,9373.314,0.000,0.000
2024-10-26 15:15,11967.419,9373.314,0.000,0.000
2024-10-26 15:30,11967.701,9373.314,0.000,0.000
2024-10-26 15:45,11967.893,9373.314,0.000,0.000
2024-10-26 16:00,11968.030,9373.314,0.000,0.000
2024-10-26 16:15,11968.134,9373.314,0.000,0.000
2024-10-26 16:30,11968.223,9373.314,0.000,0.000
2024-10-26 16:45,11968.286,9373.314,0.000,0.000
2024-10-26 17:00,11968.357,9373.314,0.000,0.000
2024-10-26 17:15,11968.495,9373.314,0.000,0.000
2024-10-26 17:30,11968.547,9373.314,0.000,0.000
2024-10-26 17:45,11968.594,9373.314,0.000,0.000
2024-10-26 18:00,11968.690,9373.314,0.000,0.000
2024-10-26 18:15,11968.761,9373.314,0.000,0.000
2024-10-26 18:30,11968.833,9373.314,0.000,0.000
2024-10-26 18:45,11969.137,9373.314,0.000,0.000
2024-10-26 19:00,11969.241,9373.314,0.000,0.000
2024-10-26 19:15,11969.337,9373.314,0.000,0.000
2024-10-26 19:30,11969.526,9373.314,0.000,0.000
2024-10-26 19:45,11969.620,9373.314,0.000,0.000
2024-10-26 20:00,11969.740,9373.314,0.000,0.000
2024-10-26 20:15,11969.816,9373.314,0.000,0.000
2024-10-26 20:30,11969.895,9373.314,0.000,0.000
2024-10-26 20:45,11970.034,9373.314,0.000,0.000
2024-10-26 21:00,11970.300,9373.314,0.000,0.000
2024-10-26 21:15,11970.713,9373.314,0.000,0.000
2024-10-26 21:30,11970.819,9373.314,0.000,0.000
2024-10-26 21:45,11970.908,9373.314,0.000,0.000
2024-10-26 22:00,11971.091,9373.314,0.000,0.000
2024-10-26 22:15,11971.180,9373.314,0.000,0.000
2024-10-26 22:30,11971.909,9373.314,0.000,0.000
2024-10-26 22:45,11972.282,9373.314,0.000,0.000
2024-10-26 23:00,11972.553,9373.314,0.000,0.000
2024-10-26 23:15,11972.625,9373.314,0.000,0.000
2024-10-26 23:30,11972.700,9373.314,0.000,0.000
2024-10-26 23:45,11972.777,9373.314,0.000,0.000
2024-10-27 00:00,11972.950,9373.314,0.000,0.000
2024-10-27 00:15,11973.238,9373.314,0.000,0.000
2024-10-27 00:30,11973.610,9373.314,0.000,0.000
2024-10-27 00:45,11973.676,9373.314,0.000,0.000
2024-10-27 01:00,11973.716,9373.314,0.000,0.000
2024-10-27 01:15,11973.754,9373.314,0.000,0.000
2024-10-27 01:30,11973.804,9373.314,0.000,0.000
2024-10-27 01:45,11973.913,9373.314,0.000,0.000
2024-10-27 02:00,11973.940,9373.314,0.000,0.000
2024-10-27 02:15,11973.972,9373.314,0.000,0.000
2024-10-27 02:30,11974.029,9373.314,0.000,0.000
2024-10-27 02:45,11974.066,9373.314,0.000,0.000
2024-10-27 02:00,11974.103,9373.314,0.000,0.000
2024-10-27 02:15,11974.219,9373.314,0.000,0.000
2024-10-27 02:30,11974.261,9373.314,0.000,0.000
2024-10-27 02:45,11974.288,9373.314,0.000,0.000
2024-10-27 03:00,11974.313,9373.314,0.000,0.000
2024-10-27 03:15,11974.352,9373.314,0.000,0.000
2024-10-27 03:30,11974.397,9373.314,0.000,0.000
2024-10-27 03:45,11974.518,9373.314,0.000,0.000
2024-10-27 04:00,11974.554,9373.314,0.000,0.000
2024-10-27 04:15,11974.594,9373.314,0.000,0.000
2024-10-27 04:30,11974.632,9373.314,0.000,0.000
2024-10-27 04:45,11974.658,9373.314,0.000,0.000
2024-10-27 05:00,11974.724,9373.314,0.000,0.000
2024-10-27 05:15,11974.798,9373.314,0.000,0.000
2024-10-27 05:30,11974.837,9373.314,0.000,0.000
2024-10-27 05:45,11974.867,9373.314,0.000,0.000
2024-10-27 06:00,11974.909,9373.314,0.000,0.000
2024-10-27 06:15,11974.956,9373.314,0.000,0.000
2024-10-27 06:30,11975.074,9373.314,0.000,0.000
2024-10-27 06:45,11975.100,9373.314,0.000,0.000
2024-10-27 07:00,11975.126,9373.314,0.000,0.000
2024-10-27 07:15,11975.163,9373.314,0.000,0.000
2024-10-27 07:30,11975.205,9373.314,0.000,0.000
2024-10-27 07:45,11975.318,9373.314,0.000,0.000
2024-10-27 08:00,11975.408,9373.314,0.000,0.000
2024-10-27 08:15,11975.534,9373.314,0.000,0.000
2024-10-27 08:30,11975.611,9373.314,0.000,0.000
2024-10-27 08:45,11975.714,9373.314,0.000,0.000
2024-10-27 09:00,11975.747,9373.314,0.000,0.000
2024-10-27 09:15,11975.795,9373.314,0.000,0.000
2024-10-27 09:30,11975.853,9373.314,0.000,0.000
2024-10-27 09:45,11975.901,9373.314,0.000,0.000
2024-10-27 10:00,11975.982,9373.314,0.000,0.000
2024-10-27 10:15,11976.033,9373.314,0.000,0.000
2024-10-27 10:30,11976.086,9373.314,0.000,0.000
2024-10-27 10:45,11976.129,9373.314,0.000,0.000
2024-10-27 11:00,11976.164,9373.314,0.000,0.000
2024-10-27 11:15,11976.366,9373.314,0.000,0.000
2024-10-27 11:30,11976.568,9373.314,0.000,0.000
2024-10-27 11:45,11976.605,9373.314,0.000,0.000
2024-10-27 12:00,11976.786,9373.314,0.000,0.000
2024-10-27 12:15,11976.859,9373.314,0.000,0.000
2024-10-27 12:30,11976.988,9373.314,0.000,0.000
2024-10-27 12:45,11977.042,9373.314,0.000,0.000
2024-10-27 13:00,11977.104,9373.314,0.000,0.000
2024-10-27 13:15,11977.209,9373.314,0.000,0.000
2024-10-27 13:30,11977.895,9373.314,0.000,0.000
2024-10-27 13:45,11978.191,9373.314,0.000,0.000
2024-10-27 14:00,11978.675,9373.314,0.000,0.000
2024-10-27 14:15,11979.240,9373.314,0.000,0.000
2024-10-27 14:30,11979.682,9373.314,0.000,0.000
2024-10-27 14:45,11980.585,9373.314,0.000,0.000
2024-10-27 15:00,11981.238,9373.314,0.000,0.000
2024-10-27 15:15,11981.853,9373.314,0.000,0.000
2024-10-27 15:30,11981.983,9373.314,0.000,0.000
2024-10-27 15:45,11982.100,9373.314,0.000,0.000
2024-10-27 16:00,11982.406,9373.314,0.000,0.000
2024-10-27 16:15,11982.548,9373.314,0.000,0.000
2024-10-27 16:30,11982.667,9373.314,0.000,0.000
2024-10-27 16:45,11982.747,9373.314,0.000,0.000
2024-10-27 17:00,11982.797,9373.314,0.000,0.000
2024-10-27 17:15,11982.848,9373.314,0.000,0.000
2024-10-27 17:30,11983.029,9373.314,0.000,0.000
2024-10-27 17:45,11983.117,9373.314,0.000,0.000
2024-10-27 18:00,11983.189,9373.314,0.000,0.000
2024-10-27 18:15,11983.311,9373.314,0.000,0.000
2024-10-27 18:30,11983.398,9373.314,0.000,0.000
2024-10-27 18:45,11983.481,9373.314,0.000,0.000
2024-10-27 19:00,11983.691,9373.314,0.000,0.000
2024-10-27 19:15,11983.780,9373.314,0.000,0.000
2024-10-27 19:30,11984.002,9373.314,0.000,0.000
2024-10-27 19:45,11984.097,9373.314,0.000,0.000
2024-10-27 20:00,11984.234,9373.314,0.000,0.000
2024-10-27 20:15,11984.304,9373.314,0.000,0.000
2024-10-27 20:30,11984.513,9373.314,0.000,0.000
2024-10-27 20:45,11984.588,9373.314,0.000,0.000
2024-10-27 21:00,11984.719,9373.314,0.000,0.000
2024-10-27 21:15,11984.798,9373.314,0.000,0.000
2024-10-27 21:30,11984.895,9373.314,0.000,0.000
2024-10-27 21:45,11984.963,9373.314,0.000,0.000
2024-10-27 22:00,11985.128,9373.314,0.000,0.000
2024-10-27 22:15,11985.187,9373.314,0.000,0.000
2024-10-27 22:30,11985.278,9373.314,0.000,0.000
2024-10-27 22:45,11985.354,9373.314,0.000,0.000
2024-10-27 23:00,11985.421,9373.314,0.000,0.000
2024-10-27 23:15,11985.469,9373.314,0.000,0.000
2024-10-27 23:30,11985.550,9373.314,0.000,0.000
2024-10-27 23:45,11985.621,9373.314,0.000,0.000
2024-10-28 00:00,11985.689,9373.314,0.000,0.000
2024-10-28 00:15,11985.831,9373.314,0.000,0.000
2024-10-28 00:30,11985.899,9373.314,0.000,0.000
2024-10-28 00:45,11985.951,9373.314,0.000,0.000
2024-10-28 01:00,11985.997,9373.314,0.000,0.000
2024-10-28 01:15,11986.042,9373.314,0.000,0.000
2024-10-28 01:30,11986.183,9373.314,0.000,0.000
2024-10-28 01:45,11986.245,9373.314,0.000,0.000
2024-10-28 02:00,11986.300,9373.314,0.000,0.000
2024-10-28 02:15,11986.353,9373.314,0.000,0.000
2024-10-28 02:30,11986.399,9373.314,0.000,0.000
2024-10-28 02:45,11986.433,9373.314,0.000,0.000
2024-10-28 03:00,11986.542,9373.314,0.000,0.000
2024-10-28 03:15,11986.567,9373.314,0.000,0.000
2024-10-28 03:30,11986.626,9373.314,0.000,0.000
2024-10-28 03:45,11986.662,9373.314,0.000,0.000
2024-10-28 04:00,11986.698,9373.314,0.000,0.000
2024-10-28 04:15,11986.734,9373.314,0.000,0.000
2024-10-28 04:30,11986.876,9373.314,0.000,0.000
2024-10-28 04:45,11986.933,9373.314,0.000,0.000
2024-10-28 05:00,11986.982,9373.314,0.000,0.000
2024-10-28 05:15,11987.029,9373.314,0.000,0.000
2024-10-28 05:30,11987.088,9373.314,0.000,0.000
2024-10-28 05:45,11987.140,9373.314,0.000,0.000
2024-10-28 06:00,11987.269,9373.314,0.000,0.000
2024-10-28 06:15,11987.309,9373.314,0.000,0.000
2024-10-28 06:30,11987.365,9373.314,0.000,0.000
2024-10-28 06:45,11987.419,9373.314,0.000,0.000
2024-10-28 07:00,11987.467,9373.314,0.000,0.000
2024-10-28 07:15,11987.467,9373.349,0.000,0.000
2024-10-28 07:30,11987.467,9373.494,0.000,0.000
2024-10-28 07:45,11987.467,9373.561,0.000,0.000
2024-10-28 08:00,11987.467,9373.663,0.000,0.000
2024-10-28 08:15,11987.467,9373.842,0.000,0.000
2024-10-28 08:30,11987.467,9373.924,0.000,0.000
2024-10-28 08:45,11987.467,9374.022,0.000,0.000
2024-10-28 09:00,11987.467,9374.157,0.000,0.000
2024-10-28 09:15,11987.467,9374.321,0.000,0.000
2024-10-28 09:30,11987.467,9374.396,0.000,0.000
2024-10-28 09:45,11987.467,9374.494,0.000,0.000
2024-10-28 10:00,11987.467,9374.540,0.000,0.000
2024-10-28 10:15,11987.467,9374.593,0.000,0.000
2024-10-28 10:30,11987.467,9375.137,0.000,0.000
2024-10-28 10:45,11987.467,9375.957,0.000,0.000
2024-10-28 11:00,11987.467,9376.382,0.000,0.000
2024-10-28 11:15,11987.467,9376.580,0.000,0.000
2024-10-28 11:30,11987.467,9376.688,0.000,0.000
2024-10-28 11:45,11987.467,9376.748,0.000,0.000
2024-10-28 12:00,11987.467,9376.842,0.000,0.000
2024-10-28 12:15,11987.467,9376.947,0.000,0.000
2024-10-28 12:30,11987.467,9377.270,0.000,0.000
2024-10-28 12:45,11987.467,9377.335,0.000,0.000
2024-10-28 13:00,11987.467,9377.470,0.000,0.000
2024-10-28 13:15,11987.467,9377.531,0.000,0.000
2024-10-28 13:30,11987.467,9377.577,0.000,0.000
2024-10-28 13:45,11987.467,9377.629,0.000,0.000
2024-10-28 14:00,11987.467,9377.685,0.000,0.000
2024-10-28 14:15,11987.467,9377.747,0.000,0.000
2024-10-28 14:30,11987.467,9377.788,0.000,0.000
2024-10-28 14:45,11987.467,9377.835,0.000,0.000
2024-10-28 15:00,11987.467,9377.898,0.000,0.000
2024-10-28 15:15,11987.467,9378.029,0.000,0.000
2024-10-28 15:30,11987.467,9378.068,0.000,0.000
2024-10-28 15:45,11987.467,9378.113,0.000,0.000
2024-10-28 16:00,11987.467,9378.171,0.000,0.000
2024-10-28 16:15,11987.467,9378.224,0.000,0.000
2024-10-28 16:30,11987.467,9378.413,0.000,0.000
2024-10-28 16:45,11987.467,9378.929,0.000,0.000
2024-10-28 17:00,11987.467,9379.450,0.000,0.000
2024-10-28 17:15,11987.467,9380.184,0.000,0.000
2024-10-28 17:30,11987.467,9380.606,0.000,0.000
2024-10-28 17:45,11987.467,9380.691,0.000,0.000
2024-10-28 18:00,11987.467,9380.786,0.000,0.000
2024-10-28 18:15,11987.467,9380.901,0.000,0.000
2024-10-28 18:30,11987.467,9380.945,0.000,0.000
2024-10-28 18:45,11987.467,9381.103,0.000,0.000
2024-10-28 19:00,11987.467,9381.193,0.000,0.000
2024-10-28 19:15,11987.467,9381.328,0.000,0.000
2024-10-28 19:30,11987.467,9381.399,0.000,0.000
2024-10-28 19:45,11987.467,9381.480,0.000,0.000
2024-10-28 20:00,11987.467,9381.572,0.000,0.000
2024-10-28 20:15,11987.467,9381.709,0.000,0.000
2024-10-28 20:30,11987.467,9382.353,0.000,0.000
2024-10-28 20:45,11987.467,9382.607,0.000,0.000
2024-10-28 21:00,11987.470,9382.799,0.000,0.000
2024-10-28 21:15,11987.553,9382.799,0.000,0.000
2024-10-28 21:30,11987.652,9382.799,0.000,0.000
2024-10-28 21:45,11987.790,9382.799,0.000,0.000
2024-10-28 22:00,11987.891,9382.799,0.000,0.000
2024-10-28 22:15,11987.974,9382.799,0.000,0.000
2024-10-28 22:30,11988.045,9382.799,0.000,0.000
2024-10-28 22:45,11988.095,9382.799,0.000,0.000
2024-10-28 23:00,11988.148,9382.799,0.000,0.000
2024-10-28 23:15,11988.270,9382.799,0.000,0.000
2024-10-28 23:30,11988.312,9382.799,0.000,0.000
2024-10-28 23:45,11988.361,9382.799,0.000,0.000
2024-10-29 00:00,11988.425,9382.799,0.000,0.000
2024-10-29 00:15,11988.467,9382.799,0.000,0.000
2024-10-29 00:30,11988.504,9382.799,0.000,0.000
2024-10-29 00:45,11988.622,9382.799,0.000,0.000
2024-10-29 01:00,11988.672,9382.799,0.000,0.000
2024-10-29 01:15,11988.700,9382.799,0.000,0.000
2024-10-29 01:30,11988.729,9382.799,0.000,0.000
2024-10-29 01:45,11988.765,9382.799,0.000,0.000
2024-10-29 02:00,11988.818,9382.799,0.000,0.000
2024-10-29 02:15,11988.935,9382.799,0.000,0.000
2024-10-29 02:30,11988.969,9382.799,0.000,0.000
2024-10-29 02:45,11989.000,9382.799,0.000,0.000
2024-10-29 03:00,11989.043,9382.799,0.000,0.000
2024-10-29 03:15,11989.069,9382.799,0.000,0.000
2024-10-29 03:30,11989.095,9382.799,0.000,0.000
2024-10-29 03:45,11989.210,9382.799,0.000,0.000
2024-10-29 04:00,11989.260,9382.799,0.000,0.000
2024-10-29 04:15,11989.294,9382.799,0.000,0.000
2024-10-29 04:30,11989.331,9382.799,0.000,0.000
2024-10-29 04:45,11989.363,9382.799,0.000,0.000
2024-10-29 05:00,11989.438,9382.799,0.000,0.000
2024-10-29 05:15,11989.515,9382.799,0.000,0.000
2024-10-29 05:30,11989.561,9382.799,0.000,0.000
2024-10-29 05:45,11989.595,9382.799,0.000,0.000
2024-10-29 06:00,11989.649,9382.799,0.000,0.000
2024-10-29 06:15,11989.739,9382.799,0.000,0.000
2024-10-29 06:30,11989.978,9382.799,0.000,0.000
2024-10-29 06:45,11990.027,9382.799,0.000,0.000
2024-10-29 07:00,11990.069,9382.799,0.000,0.000
2024-10-29 07:15,11990.069,9382.897,0.000,0.000
2024-10-29 07:30,11990.069,9382.939,0.000,0.000
2024-10-29 07:45,11990.069,9382.994,0.000,0.000
2024-10-29 08:00,11990.069,9383.048,0.000,0.000
2024-10-29 08:15,11990.069,9383.088,0.000,0.000
2024-10-29 08:30,11990.069,9383.128,0.000,0.000
2024-10-29 08:45,11990.069,9383.199,0.000,0.000
2024-10-29 09:00,11990.069,9383.508,0.000,0.000
2024-10-29 09:15,11990.069,9383.552,0.000,0.000
2024-10-29 09:30,11990.069,9383.675,0.000,0.000
2024-10-29 09:45,11990.069,9383.716,0.000,0.000
2024-10-29 10:00,11990.069,9383.854,0.000,0.000
2024-10-29 10:15,11990.069,9383.898,0.000,0.000
2024-10-29 10:30,11990.069,9383.942,0.000,0.000
2024-10-29 10:45,11990.069,9383.986,0.000,0.000
2024-10-29 11:00,11990.069,9384.042,0.000,0.000
2024-10-29 11:15,11990.069,9384.136,0.000,0.000
2024-10-29 11:30,11990.069,9384.171,0.000,0.000
2024-10-29 11:45,11990.069,9384.210,0.000,0.000
2024-10-29 12:00,11990.069,9384.267,0.000,0.000
2024-10-29 12:15,11990.069,9384.386,0.000,0.000
2024-10-29 12:30,11990.069,9384.519,0.000,0.000
2024-10-29 12:45,11990.069,9384.585,0.000,0.000
2024-10-29 13:00,11990.069,9384.646,0.000,0.000
2024-10-29 13:15,11990.069,9384.747,0.000,0.000
2024-10-29 13:30,11990.069,9384.855,0.000,0.000
2024-10-29 13:45,11990.069,9385.009,0.000,0.000
2024-10-29 14:00,11990.069,9385.122,0.000,0.000
2024-10-29 14:15,11990.069,9385.201,0.000,0.000
2024-10-29 14:30,11990.069,9385.343,0.000,0.000
2024-10-29 14:45,11990.069,9385.426,0.000,0.000
2024-10-29 15:00,11990.069,9385.502,0.000,0.000
2024-10-29 15:15,11990.069,9385.577,0.000,0.000
2024-10-29 15:30,11990.069,9385.828,0.000,0.000
2024-10-29 15:45,11990.069,9386.422,0.000,0.000
2024-10-29 16:00,11990.069,9386.754,0.000,0.000
2024-10-29 16:15,11990.069,9387.094,0.000,0.000
2024-10-29 16:30,11990.069,9387.482,0.000,0.000
2024-10-29 16:45,11990.069,9387.588,0.000,0.000
2024-10-29 17:00,11990.069,9387.750,0.000,0.000
2024-10-29 17:15,11990.069,9387.875,0.000,0.000
2024-10-29 17:30,11990.069,9388.285,0.000,0.000
2024-10-29 17:45,11990.069,9388.384,0.000,0.000
2024-10-29 18:00,11990.069,9388.459,0.000,0.000
2024-10-29 18:15,11990.069,9388.661,0.000,0.000
2024-10-29 18:30,11990.069,9388.764,0.000,0.000
2024-10-29 18:45,11990.069,9388.903,0.000,0.000
2024-10-29 19:00,11990.069,9389.002,0.000,0.000
2024-10-29 19:15,11990.069,9389.070,0.000,0.000
2024-10-29 19:30,11990.069,9389.212,0.000,0.000
2024-10-29 19:45,11990.069,9389.278,0.000,0.000
2024-10-29 20:00,11990.069,9389.479,0.000,0.000
2024-10-29 20:15,11990.069,9389.560,0.000,0.000
2024-10-29 20:30,11990.069,9389.722,0.000,0.000
2024-10-29 20:45,11990.069,9389.808,0.000,0.000
2024-10-29 21:00,11990.070,9389.861,0.000,0.000
2024-10-29 21:15,11990.193,9389.861,0.000,0.000
2024-10-29 21:30,11990.267,9389.861,0.000,0.000
2024-10-29 21:45,11990.384,9389.861,0.000,0.000
2024-10-29 22:00,11990.444,9389.861,0.000,0.000
2024-10-29 22:15,11990.519,9389.861,0.000,0.000
2024-10-29 22:30,11990.603,9389.861,0.000,0.000
2024-10-29 22:45,11990.678,9389.861,0.000,0.000
2024-10-29 23:00,11990.740,9389.861,0.000,0.000
2024-10-29 23:15,11990.926,9389.861,0.000,0.000
2024-10-29 23:30,11991.015,9389.861,0.000,0.000
2024-10-29 23:45,11991.077,9389.861,0.000,0.000
2024-10-30 00:00,11991.125,9389.861,0.000,0.000
2024-10-30 00:15,11991.246,9389.861,0.000,0.000
2024-10-30 00:30,11991.311,9389.861,0.000,0.000
2024-10-30 00:45,11991.367,9389.861,0.000,0.000
2024-10-30 01:00,11991.408,9389.861,0.000,0.000
2024-10-30 01:15,11991.442,9389.861,0.000,0.000
2024-10-30 01:30,11991.566,9389.861,0.000,0.000
2024-10-30 01:45,11991.604,9389.861,0.000,0.000
2024-10-30 02:00,11991.633,9389.861,0.000,0.000
2024-10-30 02:15,11991.664,9389.861,0.000,0.000
2024-10-30 02:30,11991.721,9389.861,0.000,0.000
2024-10-30 02:45,11991.769,9389.861,0.000,0.000
2024-10-30 03:00,11991.858,9389.861,0.000,0.000
2024-10-30 03:15,11991.907,9389.861,0.000,0.000
2024-10-30 03:30,11991.949,9389.861,0.000,0.000
2024-10-30 03:45,11991.982,9389.861,0.000,0.000
2024-10-30 04:00,11992.007,9389.861,0.000,0.000
2024-10-30 04:15,11992.034,9389.861,0.000,0.000
2024-10-30 04:30,11992.161,9389.861,0.000,0.000
2024-10-30 04:45,11992.206,9389.861,0.000,0.000
2024-10-30 05:00,11992.245,9389.861,0.000,0.000
2024-10-30 05:15,11992.275,9389.861,0.000,0.000
2024-10-30 05:30,11992.317,9389.861,0.000,0.000
2024-10-30 05:45,11992.350,9389.861,0.000,0.000
2024-10-30 06:00,11992.413,9389.861,0.000,0.000
2024-10-30 06:15,11992.478,9389.861,0.000,0.000
2024-10-30 06:30,11992.527,9389.861,0.000,0.000
2024-10-30 06:45,11992.570,9389.861,0.000,0.000
2024-10-30 07:00,11992.606,9389.862,0.000,0.000
2024-10-30 07:15,11992.606,9389.905,0.000,0.000
2024-10-30 07:30,11992.606,9390.277,0.000,0.000
2024-10-30 07:45,11992.606,9390.331,0.000,0.000
2024-10-30 08:00,11992.606,9390.370,0.000,0.000
2024-10-30 08:15,11992.606,9390.417,0.000,0.000
2024-10-30 08:30,11992.606,9390.543,0.000,0.000
2024-10-30 08:45,11992.606,9390.591,0.000,0.000
2024-10-30 09:00,11992.606,9390.632,0.000,0.000
2024-10-30 09:15,11992.606,9390.669,0.000,0.000
2024-10-30 09:30,11992.606,9390.720,0.000,0.000
2024-10-30 09:45,11992.606,9390.773,0.000,0.000
2024-10-30 10:00,11992.606,9391.012,0.000,0.000
2024-10-30 10:15,11992.606,9391.133,0.000,0.000
2024-10-30 10:30,11992.606,9391.352,0.000,0.000
2024-10-30 10:45,11992.606,9391.428,0.000,0.000
2024-10-30 11:00,11992.606,9391.489,0.000,0.000
2024-10-30 11:15,11992.606,9391.872,0.000,0.000
2024-10-30 11:30,11992.606,9392.468,0.000,0.000
2024-10-30 11:45,11992.606,9392.543,0.000,0.000
2024-10-30 12:00,11992.606,9392.640,0.000,0.000
2024-10-30 12:15,11992.606,9392.913,0.000,0.000
2024-10-30 12:30,11992.606,9393.060,0.000,0.000
2024-10-30 12:45,11992.606,9393.163,0.000,0.000
2024-10-30 13:00,11992.606,9393.386,0.000,0.000
2024-10-30 13:15,11992.606,9393.493,0.000,0.000
2024-10-30 13:30,11992.606,9393.572,0.000,0.000
2024-10-30 13:45,11992.606,9393.704,0.000,0.000
2024-10-30 14:00,11992.606,9393.885,0.000,0.000
2024-10-30 14:15,11992.606,9393.975,0.000,0.000
2024-10-30 14:30,11992.606,9394.250,0.000,0.000
2024-10-30 14:45,11992.606,9394.313,0.000,0.000
2024-10-30 15:00,11992.606,9394.472,0.000,0.000
2024-10-30 15:15,11992.606,9394.553,0.000,0.000
2024-10-30 15:30,11992.606,9394.629,0.000,0.000
2024-10-30 15:45,11992.606,9394.765,0.000,0.000
2024-10-30 16:00,11992.606,9394.836,0.000,0.000
2024-10-30 16:15,11992.606,9394.902,0.000,0.000
2024-10-30 16:30,11992.606,9394.984,0.000,0.000
2024-10-30 16:45,11992.606,9395.197,0.000,0.000
2024-10-30 17:00,11992.606,9395.267,0.000,0.000
2024-10-30 17:15,11992.606,9395.309,0.000,0.000
2024-10-30 17:30,11992.606,9395.400,0.000,0.000
2024-10-30 17:45,11992.606,9395.615,0.000,0.000
2024-10-30 18:00,11992.606,9395.848,0.000,0.000
2024-10-30 18:15,11992.606,9396.127,0.000,0.000
2024-10-30 18:30,11992.606,9396.459,0.000,0.000
2024-10-30 18:45,11992.606,9396.765,0.000,0.000
2024-10-30 19:00,11992.606,9396.981,0.000,0.000
2024-10-30 19:15,11992.606,9397.050,0.000,0.000
2024-10-30 19:30,11992.606,9397.123,0.000,0.000
2024-10-30 19:45,11992.606,9397.210,0.000,0.000
2024-10-30 20:00,11992.606,9397.632,0.000,0.000
2024-10-30 20:15,11992.606,9397.815,0.000,0.000
2024-10-30 20:30,11992.606,9398.215,0.000,0.000
2024-10-30 20:45,11992.606,9398.727,0.000,0.000
2024-10-30 21:00,11992.608,9398.875,0.000,0.000
2024-10-30 21:15,11992.683,9398.875,0.000,0.000
2024-10-30 21:30,11992.907,9398.875,0.000,0.000
2024-10-30 21:45,11993.156,9398.875,0.000,0.000
2024-10-30 22:00,11993.236,9398.875,0.000,0.000
2024-10-30 22:15,11993.368,9398.875,0.000,0.000
2024-10-30 22:30,11993.449,9398.875,0.000,0.000
2024-10-30 22:45,11993.565,9398.875,0.000,0.000
2024-10-30 23:00,11993.985,9398.875,0.000,0.000
2024-10-30 23:15,11994.308,9398.875,0.000,0.000
2024-10-30 23:30,11994.392,9398.875,0.000,0.000
2024-10-30 23:45,11994.493,9398.875,0.000,0.000
2024-10-31 00:00,11994.546,9398.875,0.000,0.000
2024-10-31 00:15,11994.680,9398.875,0.000,0.000
2024-10-31 00:30,11994.722,9398.875,0.000,0.000
2024-10-31 00:45,11994.790,9398.875,0.000,0.000
2024-10-31 01:00,11994.838,9398.875,0.000,0.000
2024-10-31 01:15,11994.881,9398.875,0.000,0.000
2024-10-31 01:30,11994.914,9398.875,0.000,0.000
2024-10-31 01:45,11995.040,9398.875,0.000,0.000
2024-10-31 02:00,11995.068,9398.875,0.000,0.000
2024-10-31 02:15,11995.095,9398.875,0.000,0.000
2024-10-31 02:30,11995.124,9398.875,0.000,0.000
2024-10-31 02:45,11995.176,9398.875,0.000,0.000
2024-10-31 03:00,11995.216,9398.875,0.000,0.000
2024-10-31 03:15,11995.334,9398.875,0.000,0.000
2024-10-31 03:30,11995.361,9398.875,0.000,0.000
2024-10-31 03:45,11995.406,9398.875,0.000,0.000
2024-10-31 04:00,11995.435,9398.875,0.000,0.000
2024-10-31 04:15,11995.464,9398.875,0.000,0.000
2024-10-31 04:30,11995.496,9398.875,0.000,0.000
2024-10-31 04:45,11995.584,9398.875,0.000,0.000
2024-10-31 05:00,11995.663,9398.875,0.000,0.000
2024-10-31 05:15,11995.701,9398.875,0.000,0.000
2024-10-31 05:30,11995.728,9398.875,0.000,0.000
2024-10-31 05:45,11995.773,9398.875,0.000,0.000
2024-10-31 06:00,11995.804,9398.875,0.000,0.000
2024-10-31 06:15,11995.870,9398.875,0.000,0.000
2024-10-31 06:30,11995.935,9398.875,0.000,0.000
2024-10-31 06:45,11995.982,9398.875,0.000,0.000
2024-10-31 07:00,11996.025,9398.875,0.000,0.000
2024-10-31 07:15,11996.025,9398.916,0.000,0.000
2024-10-31 07:30,11996.025,9398.949,0.000,0.000
2024-10-31 07:45,11996.025,9399.037,0.000,0.000
2024-10-31 08:00,11996.025,9399.107,0.000,0.000
2024-10-31 08:15,11996.025,9399.149,0.000,0.000
2024-10-31 08:30,11996.025,9399.221,0.000,0.000
2024-10-31 08:45,11996.025,9399.487,0.000,0.000
2024-10-31 09:00,11996.025,9399.566,0.000,0.000
2024-10-31 09:15,11996.025,9399.705,0.000,0.000
2024-10-31 09:30,11996.025,9400.033,0.000,0.000
2024-10-31 09:45,11996.025,9400.251,0.000,0.000
2024-10-31 10:00,11996.025,9400.313,0.000,0.000
2024-10-31 10:15,11996.025,9400.485,0.000,0.000
2024-10-31 10:30,11996.025,9400.544,0.000,0.000
2024-10-31 10:45,11996.025,9400.664,0.000,0.000
2024-10-31 11:00,11996.025,9400.741,0.000,0.000
2024-10-31 11:15,11996.025,9400.873,0.000,0.000
2024-10-31 11:30,11996.025,9400.937,0.000,0.000
2024-10-31 11:45,11996.025,9401.041,0.000,0.000
2024-10-31 12:00,11996.025,9401.107,0.000,0.000
2024-10-31 12:15,11996.025,9401.166,0.000,0.000
2024-10-31 12:30,11996.025,9401.227,0.000,0.000
2024-10-31 12:45,11996.025,9401.300,0.000,0.000
2024-10-31 13:00,11996.025,9401.381,0.000,0.000
2024-10-31 13:15,11996.025,9401.663,0.000,0.000
2024-10-31 13:30,11996.025,9401.755,0.000,0.000
2024-10-31 13:45,11996.025,9401.847,0.000,0.000
2024-10-31 14:00,11996.025,9401.995,0.000,0.000
2024-10-31 14:15,11996.025,9402.062,0.000,0.000
2024-10-31 14:30,11996.025,9402.147,0.000,0.000
2024-10-31 14:45,11996.025,9402.323,0.000,0.000
2024-10-31 15:00,11996.025,9402.393,0.000,0.000
2024-10-31 15:15,11996.025,9402.505,0.000,0.000
2024-10-31 15:30,11996.025,9402.578,0.000,0.000
2024-10-31 15:45,11996.025,9402.714,0.000,0.000
2024-10-31 16:00,11996.025,9402.763,0.000,0.000
2024-10-31 16:15,11996.025,9402.874,0.000,0.000
2024-10-31 16:30,11996.025,9402.945,0.000,0.000
2024-10-31 16:45,11996.025,9403.207,0.000,0.000
2024-10-31 17:00,11996.025,9403.279,0.000,0.000
2024-10-31 17:15,11996.025,9403.394,0.000,0.000
2024-10-31 17:30,11996.025,9403.473,0.000,0.000
2024-10-31 17:45,11996.025,9403.545,0.000,0.000
2024-10-31 18:00,11996.025,9403.693,0.000,0.000
2024-10-31 18:15,11996.025,9403.736,0.000,0.000
2024-10-31 18:30,11996.025,9403.817,0.000,0.000
2024-10-31 18:45,11996.025,9403.936,0.000,0.000
2024-10-31 19:00,11996.025,9403.996,0.000,0.000
2024-10-31 19:15,11996.025,9404.059,0.000,0.000
2024-10-31 19:30,11996.025,9404.132,0.000,0.000
2024-10-31 19:45,11996.025,9404.201,0.000,0.000
2024-10-31 20:00,11996.025,9404.237,0.000,0.000
2024-10-31 20:15,11996.025,9404.276,0.000,0.000
2024-10-31 20:30,11996.025,9404.450,0.000,0.000
2024-10-31 20:45,11996.025,9405.250,0.000,0.000
2024-10-31 21:00,11996.035,9405.507,0.000,0.000
2024-10-31 21:15,11996.282,9405.507,0.000,0.000
2024-10-31 21:30,11996.655,9405.507,0.000,0.000
2024-10-31 21:45,11996.843,9405.507,0.000,0.000
2024-10-31 22:00,11996.935,9405.507,0.000,0.000
2024-10-31 22:15,11997.017,9405.507,0.000,0.000
2024-10-31 22:30,11997.161,9405.507,0.000,0.000
2024-10-31 22:45,11997.389,9405.507,0.000,0.000
2024-10-31 23:00,11997.437,9405.507,0.000,0.000
2024-10-31 23:15,11997.669,9405.507,0.000,0.000
2024-10-31 23:30,11997.841,9405.507,0.000,0.000
2024-10-31 23:45,11998.017,9405.507,0.000,0.000
2024-11-01 00:00,11998.372,9405.507,0.000,0.000
2024-11-01 00:15,11998.481,9405.507,0.000,0.000
2024-11-01 00:30,11998.593,9405.507,0.000,0.000
2024-11-01 00:45,11998.691,9405.507,0.000,0.000
2024-11-01 01:00,11998.767,9405.507,0.000,0.000
2024-11-01 01:15,11998.829,9405.507,0.000,0.000
2024-11-01 01:30,11998.958,9405.507,0.000,0.000
2024-11-01 01:45,11999.031,9405.507,0.000,0.000
2024-11-01 02:00,11999.072,9405.507,0.000,0.000
2024-11-01 02:15,11999.117,9405.507,0.000,0.000
2024-11-01 02:30,11999.229,9405.507,0.000,0.000
2024-11-01 02:45,11999.271,9405.507,0.000,0.000
2024-11-01 03:00,11999.311,9405.507,0.000,0.000
2024-11-01 03:15,11999.349,9405.507,0.000,0.000
2024-11-01 03:30,11999.387,9405.507,0.000,0.000
2024-11-01 03:45,11999.449,9405.507,0.000,0.000
2024-11-01 04:00,11999.571,9405.507,0.000,0.000
2024-11-01 04:15,11999.596,9405.507,0.000,0.000
2024-11-01 04:30,11999.634,9405.507,0.000,0.000
2024-11-01 04:45,11999.676,9405.507,0.000,0.000
2024-11-01 05:00,11999.701,9405.507,0.000,0.000
2024-11-01 05:15,11999.744,9405.507,0.000,0.000
2024-11-01 05:30,11999.874,9405.507,0.000,0.000
2024-11-01 05:45,11999.927,9405.507,0.000,0.000
2024-11-01 06:00,11999.965,9405.507,0.000,0.000
2024-11-01 06:15,11999.999,9405.507,0.000,0.000
2024-11-01 06:30,12000.038,9405.507,0.000,0.000
2024-11-01 06:45,12000.085,9405.507,0.000,0.000
2024-11-01 07:00,12000.147,9405.518,0.000,0.000
2024-11-01 07:15,12000.147,9405.596,0.000,0.000
2024-11-01 07:30,12000.147,9405.631,0.000,0.000
2024-11-01 07:45,12000.147,9405.690,0.000,0.000
2024-11-01 08:00,12000.147,9405.745,0.000,0.000
2024-11-01 08:15,12000.147,9405.789,0.000,0.000
2024-11-01 08:30,12000.147,9405.902,0.000,0.000
2024-11-01 08:45,12000.147,9405.958,0.000,0.000
2024-11-01 09:00,12000.147,9406.008,0.000,0.000
2024-11-01 09:15,12000.147,9406.194,0.000,0.000
2024-11-01 09:30,12000.147,9406.281,0.000,0.000
2024-11-01 09:45,12000.147,9406.380,0.000,0.000
2024-11-01 10:00,12000.147,9406.643,0.000,0.000
2024-11-01 10:15,12000.147,9406.717,0.000,0.000
2024-11-01 10:30,12000.147,9406.778,0.000,0.000
2024-11-01 10:45,12000.147,9406.847,0.000,0.000
2024-11-01 11:00,12000.147,9406.902,0.000,0.000
2024-11-01 11:15,12000.147,9406.951,0.000,0.000
2024-11-01 11:30,12000.147,9407.123,0.000,0.000
2024-11-01 11:45,12000.147,9407.220,0.000,0.000
2024-11-01 12:00,12000.147,9407.307,0.000,0.000
2024-11-01 12:15,12000.147,9407.477,0.000,0.000
2024-11-01 12:30,12000.147,9407.544,0.000,0.000
2024-11-01 12:45,12000.147,9407.628,0.000,0.000
2024-11-01 13:00,12000.147,9407.768,0.000,0.000
2024-11-01 13:15,12000.147,9407.836,0.000,0.000
2024-11-01 13:30,12000.147,9407.905,0.000,0.000
2024-11-01 13:45,12000.147,9407.989,0.000,0.000
2024-11-01 14:00,12000.147,9408.071,0.000,0.000
2024-11-01 14:15,12000.147,9408.157,0.000,0.000
2024-11-01 14:30,12000.147,9408.233,0.000,0.000
2024-11-01 14:45,12000.147,9408.302,0.000,0.000
2024-11-01 15:00,12000.147,9408.509,0.000,0.000
2024-11-01 15:15,12000.147,9408.625,0.000,0.000
2024-11-01 15:30,12000.147,9408.745,0.000,0.000
2024-11-01 15:45,12000.147,9409.138,0.000,0.000
2024-11-01 16:00,12000.147,9409.210,0.000,0.000
2024-11-01 16:15,12000.147,9409.284,0.000,0.000
2024-11-01 16:30,12000.147,9409.462,0.000,0.000
2024-11-01 16:45,12000.147,9409.516,0.000,0.000
2024-11-01 17:00,12000.147,9409.611,0.000,0.000
2024-11-01 17:15,12000.147,9409.667,0.000,0.000
2024-11-01 17:30,12000.147,9409.961,0.000,0.000
2024-11-01 17:45,12000.147,9410.569,0.000,0.000
2024-11-01 18:00,12000.147,9410.844,0.000,0.000
2024-11-01 18:15,12000.147,9410.932,0.000,0.000
2024-11-01 18:30,12000.147,9411.024,0.000,0.000
2024-11-01 18:45,12000.147,9411.169,0.000,0.000
2024-11-01 19:00,12000.147,9411.552,0.000,0.000
2024-11-01 19:15,12000.147,9411.768,0.000,0.000
2024-11-01 19:30,12000.147,9411.883,0.000,0.000
2024-11-01 19:45,12000.147,9412.011,0.000,0.000
2024-11-01 20:00,12000.147,9412.323,0.000,0.000
2024-11-01 20:15,12000.147,9412.654,0.000,0.000
2024-11-01 20:30,12000.147,9412.773,0.000,0.000
2024-11-01 20:45,12000.147,9413.005,0.000,0.000
2024-11-01 21:00,12000.148,9413.139,0.000,0.000
2024-11-01 21:15,12000.224,9413.139,0.000,0.000
2024-11-01 21:30,12000.391,9413.139,0.000,0.000
2024-11-01 21:45,12000.469,9413.139,0.000,0.000
2024-11-01 22:00,12000.599,9413.139,0.000,0.000
2024-11-01 22:15,12000.677,9413.139,0.000,0.000
2024-11-01 22:30,12000.827,9413.139,0.000,0.000
2024-11-01 22:45,12000.897,9413.139,0.000,0.000
2024-11-01 23:00,12000.967,9413.139,0.000,0.000
2024-11-01 23:15,12001.030,9413.139,0.000,0.000
2024-11-01 23:30,12001.126,9413.139,0.000,0.000
2024-11-01 23:45,12001.180,9413.139,0.000,0.000
2024-11-02 00:00,12001.266,9413.139,0.000,0.000
2024-11-02 00:15,12001.321,9413.139,0.000,0.000
2024-11-02 00:30,12001.391,9413.139,0.000,0.000
2024-11-02 00:45,12001.521,9413.139,0.000,0.000
2024-11-02 01:00,12001.563,9413.139,0.000,0.000
2024-11-02 01:15,12001.597,9413.139,0.000,0.000
2024-11-02 01:30,12001.644,9413.139,0.000,0.000
2024-11-02 01:45,12001.674,9413.139,0.000,0.000
2024-11-02 02:00,12001.709,9413.139,0.000,0.000
2024-11-02 02:15,12001.818,9413.139,0.000,0.000
2024-11-02 02:30,12001.874,9413.139,0.000,0.000
2024-11-02 02:45,12001.917,9413.139,0.000,0.000
2024-11-02 03:00,12001.954,9413.139,0.000,0.000
2024-11-02 03:15,12001.987,9413.139,0.000,0.000
2024-11-02 03:30,12002.032,9413.139,0.000,0.000
2024-11-02 03:45,12002.152,9413.139,0.000,0.000
2024-11-02 04:00,12002.188,9413.139,0.000,0.000
2024-11-02 04:15,12002.215,9413.139,0.000,0.000
2024-11-02 04:30,12002.259,9413.139,0.000,0.000
2024-11-02 04:45,12002.296,9413.139,0.000,0.000
2024-11-02 05:00,12002.333,9413.139,0.000,0.000
2024-11-02 05:15,12002.446,9413.139,0.000,0.000
2024-11-02 05:30,12002.511,9413.139,0.000,0.000
2024-11-02 05:45,12002.540,9413.139,0.000,0.000
2024-11-02 06:00,12002.567,9413.139,0.000,0.000
2024-11-02 06:15,12002.599,9413.139,0.000,0.000
2024-11-02 06:30,12002.644,9413.139,0.000,0.000
2024-11-02 06:45,12002.776,9413.139,0.000,0.000
2024-11-02 07:00,12002.836,9413.139,0.000,0.000
2024-11-02 07:15,12002.884,9413.139,0.000,0.000
2024-11-02 07:30,12002.932,9413.139,0.000,0.000
2024-11-02 07:45,12002.968,9413.139,0.000,0.000
2024-11-02 08:00,12002.997,9413.139,0.000,0.000
2024-11-02 08:15,12003.113,9413.139,0.000,0.000
2024-11-02 08:30,12003.182,9413.139,0.000,0.000
2024-11-02 08:45,12003.230,9413.139,0.000,0.000
2024-11-02 09:00,12003.274,9413.139,0.000,0.000
2024-11-02 09:15,12003.327,9413.139,0.000,0.000
2024-11-02 09:30,12003.413,9413.139,0.000,0.000
2024-11-02 09:45,12003.814,9413.139,0.000,0.000
2024-11-02 10:00,12004.393,9413.139,0.000,0.000
2024-11-02 10:15,12004.637,9413.139,0.000,0.000
2024-11-02 10:30,12005.003,9413.139,0.000,0.000
2024-11-02 10:45,12005.238,9413.139,0.000,0.000
2024-11-02 11:00,12005.308,9413.139,0.000,0.000
2024-11-02 11:15,12005.567,9413.139,0.000,0.000
2024-11-02 11:30,12005.635,9413.139,0.000,0.000
2024-11-02 11:45,12005.691,9413.139,0.000,0.000
2024-11-02 12:00,12005.785,9413.139,0.000,0.000
2024-11-02 12:15,12005.906,9413.139,0.000,0.000
2024-11-02 12:30,12006.075,9413.139,0.000,0.000
2024-11-02 12:45,12006.185,9413.139,0.000,0.000
2024-11-02 13:00,12006.697,9413.139,0.000,0.000
2024-11-02 13:15,12006.791,9413.139,0.000,0.000
2024-11-02 13:30,12006.899,9413.139,0.000,0.000
2024-11-02 13:45,12007.116,9413.139,0.000,0.000
2024-11-02 14:00,12007.320,9413.139,0.000,0.000
2024-11-02 14:15,12007.421,9413.139,0.000,0.000
2024-11-02 14:30,12007.637,9413.139,0.000,0.000
2024-11-02 14:45,12007.697,9413.139,0.000,0.000
2024-11-02 15:00,12007.971,9413.139,0.000,0.000
2024-11-02 15:15,12008.174,9413.139,0.000,0.000
2024-11-02 15:30,12008.231,9413.139,0.000,0.000
2024-11-02 15:45,12008.307,9413.139,0.000,0.000
2024-11-02 16:00,12008.443,9413.139,0.000,0.000
2024-11-02 16:15,12008.535,9413.139,0.000,0.000
2024-11-02 16:30,12008.627,9413.139,0.000,0.000
2024-11-02 16:45,12008.689,9413.139,0.000,0.000
2024-11-02 17:00,12008.833,9413.139,0.000,0.000
2024-11-02 17:15,12008.977,9413.139,0.000,0.000
2024-11-02 17:30,12009.125,9413.139,0.000,0.000
2024-11-02 17:45,12009.327,9413.139,0.000,0.000
2024-11-02 18:00,12009.403,9413.139,0.000,0.000
2024-11-02 18:15,12009.466,9413.139,0.000,0.000
2024-11-02 18:30,12009.619,9413.139,0.000,0.000
2024-11-02 18:45,12009.728,9413.139,0.000,0.000
2024-11-02 19:00,12009.881,9413.139,0.000,0.000
2024-11-02 19:15,12009.952,9413.139,0.000,0.000
2024-11-02 19:30,12010.020,9413.139,0.000,0.000
2024-11-02 19:45,12010.093,9413.139,0.000,0.000
2024-11-02 20:00,12010.170,9413.139,0.000,0.000
2024-11-02 20:15,12010.239,9413.139,0.000,0.000
2024-11-02 20:30,12010.290,9413.139,0.000,0.000
2024-11-02 20:45,12010.352,9413.139,0.000,0.000
2024-11-02 21:00,12010.420,9413.139,0.000,0.000
2024-11-02 21:15,12010.554,9413.139,0.000,0.000
2024-11-02 21:30,12010.617,9413.139,0.000,0.000
2024-11-02 21:45,12010.679,9413.139,0.000,0.000
2024-11-02 22:00,12010.758,9413.139,0.000,0.000
2024-11-02 22:15,12010.811,9413.139,0.000,0.000
2024-11-02 22:30,12010.860,9413.139,0.000,0.000
2024-11-02 22:45,12010.991,9413.139,0.000,0.000
2024-11-02 23:00,12011.060,9413.139,0.000,0.000
2024-11-02 23:15,12011.112,9413.139,0.000,0.000
2024-11-02 23:30,12011.176,9413.139,0.000,0.000
2024-11-02 23:45,12011.236,9413.139,0.000,0.000
2024-11-03 00:00,12011.527,9413.139,0.000,0.000
2024-11-03 00:15,12011.610,9413.139,0.000,0.000
2024-11-03 00:30,12011.693,9413.139,0.000,0.000
2024-11-03 00:45,12011.831,9413.139,0.000,0.000
2024-11-03 01:00,12011.924,9413.139,0.000,0.000
2024-11-03 01:15,12011.992,9413.139,0.000,0.000
2024-11-03 01:30,12012.047,9413.139,0.000,0.000
2024-11-03 01:45,12012.106,9413.139,0.000,0.000
2024-11-03 02:00,12012.188,9413.139,0.000,0.000
2024-11-03 02:15,12012.241,9413.139,0.000,0.000
2024-11-03 02:30,12012.286,9413.139,0.000,0.000
2024-11-03 02:45,12012.426,9413.139,0.000,0.000
2024-11-03 03:00,12012.489,9413.139,0.000,0.000
2024-11-03 03:15,12012.544,9413.139,0.000,0.000
2024-11-03 03:30,12012.594,9413.139,0.000,0.000
2024-11-03 03:45,12012.646,9413.139,0.000,0.000
2024-11-03 04:00,12012.718,9413.139,0.000,0.000
2024-11-03 04:15,12012.853,9413.139,0.000,0.000
2024-11-03 04:30,12012.896,9413.139,0.000,0.000
2024-11-03 04:45,12012.938,9413.139,0.000,0.000
2024-11-03 05:00,12012.997,9413.139,0.000,0.000
2024-11-03 05:15,12013.045,9413.139,0.000,0.000
2024-11-03 05:30,12013.090,9413.139,0.000,0.000
2024-11-03 05:45,12013.221,9413.139,0.000,0.000
2024-11-03 06:00,12013.295,9413.139,0.000,0.000
2024-11-03 06:15,12013.357,9413.139,0.000,0.000
2024-11-03 06:30,12013.403,9413.139,0.000,0.000
2024-11-03 06:45,12013.446,9413.139,0.000,0.000
2024-11-03 07:00,12013.507,9413.139,0.000,0.000
2024-11-03 07:15,12013.630,9413.139,0.000,0.000
2024-11-03 07:30,12013.702,9413.139,0.000,0.000
2024-11-03 07:45,12013.754,9413.139,0.000,0.000
2024-11-03 08:00,12013.822,9413.139,0.000,0.000
2024-11-03 08:15,12013.895,9413.139,0.000,0.000
2024-11-03 08:30,12013.946,9413.139,0.000,0.000
2024-11-03 08:45,12013.995,9413.139,0.000,0.000
2024-11-03 09:00,12014.131,9413.139,0.000,0.000
2024-11-03 09:15,12014.198,9413.139,0.000,0.000
2024-11-03 09:30,12014.250,9413.139,0.000,0.000
2024-11-03 09:45,12014.301,9413.139,0.000,0.000
2024-11-03 10:00,12014.369,9413.139,0.000,0.000
2024-11-03 10:15,12014.519,9413.139,0.000,0.000
2024-11-03 10:30,12014.657,9413.139,0.000,0.000
2024-11-03 10:45,12014.713,9413.139,0.000,0.000
2024-11-03 11:00,12014.965,9413.139,0.000,0.000
2024-11-03 11:15,12015.095,9413.139,0.000,0.000
2024-11-03 11:30,12015.164,9413.139,0.000,0.000
2024-11-03 11:45,12015.293,9413.139,0.000,0.000
2024-11-03 12:00,12015.357,9413.139,0.000,0.000
2024-11-03 12:15,12015.485,9413.139,0.000,0.000
2024-11-03 12:30,12015.563,9413.139,0.000,0.000
2024-11-03 12:45,12015.636,9413.139,0.000,0.000
2024-11-03 13:00,12015.712,9413.139,0.000,0.000
2024-11-03 13:15,12015.791,9413.139,0.000,0.000
2024-11-03 13:30,12015.904,9413.139,0.000,0.000
2024-11-03 13:45,12016.447,9413.139,0.000,0.000
2024-11-03 14:00,12016.488,9413.139,0.000,0.000
2024-11-03 14:15,12016.531,9413.139,0.000,0.000
2024-11-03 14:30,12016.657,9413.139,0.000,0.000
2024-11-03 14:45,12016.736,9413.139,0.000,0.000
2024-11-03 15:00,12017.214,9413.139,0.000,0.000
2024-11-03 15:15,12017.583,9413.139,0.000,0.000
2024-11-03 15:30,12017.674,9413.139,0.000,0.000
2024-11-03 15:45,12017.753,9413.139,0.000,0.000
2024-11-03 16:00,12018.149,9413.139,0.000,0.000
2024-11-03 16:15,12018.217,9413.139,0.000,0.000
2024-11-03 16:30,12018.340,9413.139,0.000,0.000
2024-11-03 16:45,12018.432,9413.139,0.000,0.000
2024-11-03 17:00,12018.515,9413.139,0.000,0.000
2024-11-03 17:15,12018.601,9413.139,0.000,0.000
2024-11-03 17:30,12018.821,9413.139,0.000,0.000
2024-11-03 17:45,12018.976,9413.139,0.000,0.000
2024-11-03 18:00,12019.046,9413.139,0.000,0.000
2024-11-03 18:15,12019.157,9413.139,0.000,0.000
2024-11-03 18:30,12019.227,9413.139,0.000,0.000
2024-11-03 18:45,12019.318,9413.139,0.000,0.000
2024-11-03 19:00,12019.389,9413.139,0.000,0.000
2024-11-03 19:15,12019.460,9413.139,0.000,0.000
2024-11-03 19:30,12019.560,9413.139,0.000,0.000
2024-11-03 19:45,12019.867,9413.139,0.000,0.000
2024-11-03 20:00,12019.950,9413.139,0.000,0.000
2024-11-03 20:15,12020.022,9413.139,0.000,0.000
2024-11-03 20:30,12020.165,9413.139,0.000,0.000
2024-11-03 20:45,12020.258,9413.139,0.000,0.000
2024-11-03 21:00,12020.335,9413.139,0.000,0.000
2024-11-03 21:15,12020.410,9413.139,0.000,0.000
2024-11-03 21:30,12020.582,9413.139,0.000,0.000
2024-11-03 21:45,12020.761,9413.139,0.000,0.000
2024-11-03 22:00,12020.853,9413.139,0.000,0.000
2024-11-03 22:15,12021.030,9413.139,0.000,0.000
2024-11-03 22:30,12021.118,9413.139,0.000,0.000
2024-11-03 22:45,12021.210,9413.139,0.000,0.000
2024-11-03 23:00,12021.282,9413.139,0.000,0.000
2024-11-03 23:15,12021.350,9413.139,0.000,0.000
2024-11-03 23:30,12021.450,9413.139,0.000,0.000
2024-11-03 23:45,12021.552,9413.139,0.000,0.000
2024-11-04 00:00,12021.630,9413.139,0.000,0.000
2024-11-04 00:15,12021.696,9413.139,0.000,0.000
2024-11-04 00:30,12021.842,9413.139,0.000,0.000
2024-11-04 00:45,12021.908,9413.139,0.000,0.000
2024-11-04 01:00,12021.963,9413.139,0.000,0.000
2024-11-04 01:15,12022.011,9413.139,0.000,0.000
2024-11-04 01:30,12022.062,9413.139,0.000,0.000
2024-11-04 01:45,12022.124,9413.139,0.000,0.000
2024-11-04 02:00,12022.263,9413.139,0.000,0.000
2024-11-04 02:15,12022.316,9413.139,0.000,0.000
2024-11-04 02:30,12022.367,9413.139,0.000,0.000
2024-11-04 02:45,12022.426,9413.139,0.000,0.000
2024-11-04 03:00,12022.477,9413.139,0.000,0.000
2024-11-04 03:15,12022.519,9413.139,0.000,0.000
2024-11-04 03:30,12022.645,9413.139,0.000,0.000
2024-11-04 03:45,12022.706,9413.139,0.000,0.000
2024-11-04 04:00,12022.762,9413.139,0.000,0.000
2024-11-04 04:15,12022.815,9413.139,0.000,0.000
2024-11-04 04:30,12022.871,9413.139,0.000,0.000
2024-11-04 04:45,12022.929,9413.139,0.000,0.000
2024-11-04 05:00,12022.993,9413.139,0.000,0.000
2024-11-04 05:15,12023.115,9413.139,0.000,0.000
2024-11-04 05:30,12023.160,9413.139,0.000,0.000
2024-11-04 05:45,12023.217,9413.139,0.000,0.000
2024-11-04 06:00,12023.280,9413.139,0.000,0.000
2024-11-04 06:15,12023.339,9413.139,0.000,0.000
2024-11-04 06:30,12023.394,9413.139,0.000,0.000
2024-11-04 06:45,12023.530,9413.139,0.000,0.000
2024-11-04 07:00,12023.586,9413.140,0.000,0.000
2024-11-04 07:15,12023.586,9413.197,0.000,0.000
2024-11-04 07:30,12023.586,9413.262,0.000,0.000
2024-11-04 07:45,12023.586,9413.337,0.000,0.000
2024-11-04 08:00,12023.586,9413.486,0.000,0.000
2024-11-04 08:15,12023.586,9413.660,0.000,0.000
2024-11-04 08:30,12023.586,9413.751,0.000,0.000
2024-11-04 08:45,12023.586,9413.941,0.000,0.000
2024-11-04 09:00,12023.586,9414.133,0.000,0.000
2024-11-04 09:15,12023.586,9414.577,0.000,0.000
2024-11-04 09:30,12023.586,9414.890,0.000,0.000
2024-11-04 09:45,12023.586,9415.097,0.000,0.000
2024-11-04 10:00,12023.586,9415.256,0.000,0.000
2024-11-04 10:15,12023.586,9415.495,0.000,0.000
2024-11-04 10:30,12023.586,9415.843,0.000,0.000
2024-11-04 10:45,12023.586,9415.995,0.000,0.000
2024-11-04 11:00,12023.586,9416.236,0.000,0.000
2024-11-04 11:15,12023.586,9416.318,0.000,0.000
2024-11-04 11:30,12023.586,9416.439,0.000,0.000
2024-11-04 11:45,12023.586,9416.494,0.000,0.000
2024-11-04 12:00,12023.586,9416.557,0.000,0.000
2024-11-04 12:15,12023.586,9416.622,0.000,0.000
2024-11-04 12:30,12023.586,9416.732,0.000,0.000
2024-11-04 12:45,12023.586,9416.790,0.000,0.000
2024-11-04 13:00,12023.586,9416.872,0.000,0.000
2024-11-04 13:15,12023.586,9416.912,0.000,0.000
2024-11-04 13:30,12023.586,9417.016,0.000,0.000
2024-11-04 13:45,12023.586,9417.064,0.000,0.000
2024-11-04 14:00,12023.586,9417.114,0.000,0.000
2024-11-04 14:15,12023.586,9417.158,0.000,0.000
2024-11-04 14:30,12023.586,9417.272,0.000,0.000
2024-11-04 14:45,12023.586,9417.360,0.000,0.000
2024-11-04 15:00,12023.586,9417.402,0.000,0.000
2024-11-04 15:15,12023.586,9417.439,0.000,0.000
2024-11-04 15:30,12023.586,9417.549,0.000,0.000
2024-11-04 15:45,12023.586,9417.691,0.000,0.000
2024-11-04 16:00,12023.586,9417.779,0.000,0.000
2024-11-04 16:15,12023.586,9417.906,0.000,0.000
2024-11-04 16:30,12023.586,9418.108,0.000,0.000
2024-11-04 16:45,12023.586,9418.182,0.000,0.000
2024-11-04 17:00,12023.586,9418.293,0.000,0.000
2024-11-04 17:15,12023.586,9418.476,0.000,0.000
2024-11-04 17:30,12023.586,9418.604,0.000,0.000
2024-11-04 17:45,12023.586,9418.667,0.000,0.000
2024-11-04 18:00,12023.586,9418.775,0.000,0.000
2024-11-04 18:15,12023.586,9418.858,0.000,0.000
2024-11-04 18:30,12023.586,9419.002,0.000,0.000
2024-11-04 18:45,12023.586,9419.118,0.000,0.000
2024-11-04 19:00,12023.586,9419.191,0.000,0.000
2024-11-04 19:15,12023.586,9419.296,0.000,0.000
2024-11-04 19:30,12023.586,9419.375,0.000,0.000
2024-11-04 19:45,12023.586,9419.459,0.000,0.000
2024-11-04 20:00,12023.586,9419.544,0.000,0.000
2024-11-04 20:15,12023.586,9419.615,0.000,0.000
2024-11-04 20:30,12023.586,9419.692,0.000,0.000
2024-11-04 20:45,12023.586,9419.763,0.000,0.000
2024-11-04 21:00,12023.588,9419.956,0.000,0.000
2024-11-04 21:15,12023.683,9419.956,0.000,0.000
2024-11-04 21:30,12023.850,9419.956,0.000,0.000
2024-11-04 21:45,12023.945,9419.956,0.000,0.000
2024-11-04 22:00,12024.090,9419.956,0.000,0.000
2024-11-04 22:15,12024.168,9419.956,0.000,0.000
2024-11-04 22:30,12024.258,9419.956,0.000,0.000
2024-11-04 22:45,12024.347,9419.956,0.000,0.000
2024-11-04 23:00,12024.446,9419.956,0.000,0.000
2024-11-04 23:15,12024.662,9419.956,0.000,0.000
2024-11-04 23:30,12024.754,9419.956,0.000,0.000
2024-11-04 23:45,12024.840,9419.956,0.000,0.000
2024-11-05 00:00,12024.959,9419.956,0.000,0.000
2024-11-05 00:15,12025.016,9419.956,0.000,0.000
2024-11-05 00:30,12025.072,9419.956,0.000,0.000
2024-11-05 00:45,12025.142,9419.956,0.000,0.000
2024-11-05 01:00,12025.197,9419.956,0.000,0.000
2024-11-05 01:15,12025.253,9419.956,0.000,0.000
2024-11-05 01:30,12025.315,9419.956,0.000,0.000
2024-11-05 01:45,12025.395,9419.956,0.000,0.000
2024-11-05 02:00,12025.451,9419.956,0.000,0.000
2024-11-05 02:15,12025.593,9419.956,0.000,0.000
2024-11-05 02:30,12025.640,9419.956,0.000,0.000
2024-11-05 02:45,12025.699,9419.956,0.000,0.000
2024-11-05 03:00,12025.753,9419.956,0.000,0.000
2024-11-05 03:15,12025.796,9419.956,0.000,0.000
2024-11-05 03:30,12025.848,9419.956,0.000,0.000
2024-11-05 03:45,12025.990,9419.956,0.000,0.000
2024-11-05 04:00,12026.051,9419.956,0.000,0.000
2024-11-05 04:15,12026.092,9419.956,0.000,0.000
2024-11-05 04:30,12026.140,9419.956,0.000,0.000
2024-11-05 04:45,12026.195,9419.956,0.000,0.000
2024-11-05 05:00,12026.329,9419.956,0.000,0.000
2024-11-05 05:15,12026.374,9419.956,0.000,0.000
2024-11-05 05:30,12026.421,9419.956,0.000,0.000
2024-11-05 05:45,12026.485,9419.956,0.000,0.000
2024-11-05 06:00,12026.562,9419.956,0.000,0.000
2024-11-05 06:15,12026.608,9419.956,0.000,0.000
2024-11-05 06:30,12026.731,9419.956,0.000,0.000
2024-11-05 06:45,12026.773,9419.956,0.000,0.000
2024-11-05 07:00,12026.835,9419.956,0.000,0.000
2024-11-05 07:15,12026.835,9420.008,0.000,0.000
2024-11-05 07:30,12026.835,9420.059,0.000,0.000
2024-11-05 07:45,12026.835,9420.121,0.000,0.000
2024-11-05 08:00,12026.835,9420.269,0.000,0.000
2024-11-05 08:15,12026.835,9420.326,0.000,0.000
2024-11-05 08:30,12026.835,9420.385,0.000,0.000
2024-11-05 08:45,12026.835,9420.565,0.000,0.000
2024-11-05 09:00,12026.835,9420.763,0.000,0.000
2024-11-05 09:15,12026.835,9420.832,0.000,0.000
2024-11-05 09:30,12026.835,9420.876,0.000,0.000
2024-11-05 09:45,12026.835,9421.089,0.000,0.000
2024-11-05 10:00,12026.835,9421.145,0.000,0.000
2024-11-05 10:15,12026.835,9421.219,0.000,0.000
2024-11-05 10:30,12026.835,9421.270,0.000,0.000
2024-11-05 10:45,12026.835,9421.317,0.000,0.000
2024-11-05 11:00,12026.835,9421.371,0.000,0.000
2024-11-05 11:15,12026.835,9421.488,0.000,0.000
2024-11-05 11:30,12026.835,9421.538,0.000,0.000
2024-11-05 11:45,12026.835,9421.585,0.000,0.000
2024-11-05 12:00,12026.835,9421.684,0.000,0.000
2024-11-05 12:15,12026.835,9421.774,0.000,0.000
2024-11-05 12:30,12026.835,9421.834,0.000,0.000
2024-11-05 12:45,12026.835,9421.934,0.000,0.000
2024-11-05 13:00,12026.835,9421.983,0.000,0.000
2024-11-05 13:15,12026.835,9422.040,0.000,0.000
2024-11-05 13:30,12026.835,9422.137,0.000,0.000
2024-11-05 13:45,12026.835,9422.184,0.000,0.000
2024-11-05 14:00,12026.835,9422.243,0.000,0.000
2024-11-05 14:15,12026.835,9422.357,0.000,0.000
2024-11-05 14:30,12026.835,9422.420,0.000,0.000
2024-11-05 14:45,12026.835,9422.456,0.000,0.000
2024-11-05 15:00,12026.835,9422.534,0.000,0.000
2024-11-05 15:15,12026.835,9422.581,0.000,0.000
2024-11-05 15:30,12026.835,9422.613,0.000,0.000
2024-11-05 15:45,12026.835,9422.698,0.000,0.000
2024-11-05 16:00,12026.835,9422.749,0.000,0.000
2024-11-05 16:15,12026.835,9422.821,0.000,0.000
2024-11-05 16:30,12026.835,9422.914,0.000,0.000
2024-11-05 16:45,12026.835,9423.024,0.000,0.000
2024-11-05 17:00,12026.835,9423.239,0.000,0.000
2024-11-05 17:15,12026.835,9423.309,0.000,0.000
2024-11-05 17:30,12026.835,9423.371,0.000,0.000
2024-11-05 17:45,12026.835,9423.590,0.000,0.000
2024-11-05 18:00,12026.835,9423.668,0.000,0.000
2024-11-05 18:15,12026.835,9423.758,0.000,0.000
2024-11-05 18:30,12026.835,9423.936,0.000,0.000
2024-11-05 18:45,12026.835,9424.021,0.000,0.000
2024-11-05 19:00,12026.835,9424.131,0.000,0.000
2024-11-05 19:15,12026.835,9424.257,0.000,0.000
2024-11-05 19:30,12026.835,9424.339,0.000,0.000
2024-11-05 19:45,12026.835,9424.417,0.000,0.000
2024-11-05 20:00,12026.835,9424.506,0.000,0.000
2024-11-05 20:15,12026.835,9424.601,0.000,0.000
2024-11-05 20:30,12026.835,9424.688,0.000,0.000
2024-11-05 20:45,12026.835,9424.890,0.000,0.000
2024-11-05 21:00,12026.838,9425.026,0.000,0.000
2024-11-05 21:15,12026.962,9425.026,0.000,0.000
2024-11-05 21:30,12027.060,9425.026,0.000,0.000
2024-11-05 21:45,12027.152,9425.026,0.000,0.000
2024-11-05 22:00,12027.343,9425.026,0.000,0.000
2024-11-05 22:15,12027.435,9425.026,0.000,0.000
2024-11-05 22:30,12027.521,9425.026,0.000,0.000
2024-11-05 22:45,12027.657,9425.026,0.000,0.000
2024-11-05 23:00,12027.744,9425.026,0.000,0.000
2024-11-05 23:15,12027.834,9425.026,0.000,0.000
2024-11-05 23:30,12027.921,9425.026,0.000,0.000
2024-11-05 23:45,12027.992,9425.026,0.000,0.000
2024-11-06 00:00,12028.061,9425.026,0.000,0.000
2024-11-06 00:15,12028.118,9425.026,0.000,0.000
2024-11-06 00:30,12028.188,9425.026,0.000,0.000
2024-11-06 00:45,12028.236,9425.026,0.000,0.000
2024-11-06 01:00,12028.393,9425.026,0.000,0.000
2024-11-06 01:15,12028.456,9425.026,0.000,0.000
2024-11-06 01:30,12028.522,9425.026,0.000,0.000
2024-11-06 01:45,12028.570,9425.026,0.000,0.000
2024-11-06 02:00,12028.615,9425.026,0.000,0.000
2024-11-06 02:15,12028.667,9425.026,0.000,0.000
2024-11-06 02:30,12028.814,9425.026,0.000,0.000
2024-11-06 02:45,12028.864,9425.026,0.000,0.000
2024-11-06 03:00,12028.920,9425.026,0.000,0.000
2024-11-06 03:15,12028.979,9425.026,0.000,0.000
2024-11-06 03:30,12029.045,9425.026,0.000,0.000
2024-11-06 03:45,12029.098,9425.026,0.000,0.000
2024-11-06 04:00,12029.227,9425.026,0.000,0.000
2024-11-06 04:15,12029.273,9425.026,0.000,0.000
2024-11-06 04:30,12029.332,9425.026,0.000,0.000
2024-11-06 04:45,12029.387,9425.026,0.000,0.000
2024-11-06 05:00,12029.439,9425.026,0.000,0.000
2024-11-06 05:15,12029.494,9425.026,0.000,0.000
2024-11-06 05:30,12029.556,9425.026,0.000,0.000
2024-11-06 05:45,12029.696,9425.026,0.000,0.000
2024-11-06 06:00,12029.738,9425.026,0.000,0.000
2024-11-06 06:15,12029.790,9425.026,0.000,0.000
2024-11-06 06:30,12029.846,9425.026,0.000,0.000
2024-11-06 06:45,12029.909,9425.026,0.000,0.000
2024-11-06 07:00,12029.959,9425.027,0.000,0.000
2024-11-06 07:15,12029.959,9425.165,0.000,0.000
2024-11-06 07:30,12029.959,9425.219,0.000,0.000
2024-11-06 07:45,12029.959,9425.292,0.000,0.000
2024-11-06 08:00,12029.959,9425.344,0.000,0.000
2024-11-06 08:15,12029.959,9425.643,0.000,0.000
2024-11-06 08:30,12029.959,9425.720,0.000,0.000
2024-11-06 08:45,12029.959,9426.097,0.000,0.000
2024-11-06 09:00,12029.959,9426.202,0.000,0.000
2024-11-06 09:15,12029.959,9426.300,0.000,0.000
2024-11-06 09:30,12029.959,9426.449,0.000,0.000
2024-11-06 09:45,12029.959,9426.552,0.000,0.000
2024-11-06 10:00,12029.959,9426.652,0.000,0.000
2024-11-06 10:15,12029.959,9426.770,0.000,0.000
2024-11-06 10:30,12029.959,9426.941,0.000,0.000
2024-11-06 10:45,12029.959,9427.030,0.000,0.000
2024-11-06 11:00,12029.959,9427.171,0.000,0.000
2024-11-06 11:15,12029.959,9427.256,0.000,0.000
2024-11-06 11:30,12029.959,9427.385,0.000,0.000
2024-11-06 11:45,12029.959,9427.475,0.000,0.000
2024-11-06 12:00,12029.959,9427.609,0.000,0.000
2024-11-06 12:15,12029.959,9427.683,0.000,0.000
2024-11-06 12:30,12029.959,9427.752,0.000,0.000
2024-11-06 12:45,12029.959,9427.832,0.000,0.000
2024-11-06 13:00,12029.959,9427.904,0.000,0.000
2024-11-06 13:15,12029.959,9428.062,0.000,0.000
2024-11-06 13:30,12029.959,9428.301,0.000,0.000
2024-11-06 13:45,12029.959,9428.799,0.000,0.000
2024-11-06 14:00,12029.959,9429.094,0.000,0.000
2024-11-06 14:15,12029.959,9429.412,0.000,0.000
2024-11-06 14:30,12029.959,9429.611,0.000,0.000
2024-11-06 14:45,12029.959,9429.665,0.000,0.000
2024-11-06 15:00,12029.959,9429.732,0.000,0.000
2024-11-06 15:15,12029.959,9429.823,0.000,0.000
2024-11-06 15:30,12029.959,9429.905,0.000,0.000
2024-11-06 15:45,12029.959,9430.030,0.000,0.000
2024-11-06 16:00,12029.959,9430.093,0.000,0.000
2024-11-06 16:15,12029.959,9430.327,0.000,0.000
2024-11-06 16:30,12029.959,9430.404,0.000,0.000
2024-11-06 16:45,12029.959,9430.466,0.000,0.000
2024-11-06 17:00,12029.959,9430.581,0.000,0.000
2024-11-06 17:15,12029.959,9430.645,0.000,0.000
2024-11-06 17:30,12029.959,9430.721,0.000,0.000
2024-11-06 17:45,12029.959,9430.787,0.000,0.000
2024-11-06 18:00,12029.959,9430.838,0.000,0.000
2024-11-06 18:15,12029.959,9430.898,0.000,0.000
2024-11-06 18:30,12029.959,9430.957,0.000,0.000
2024-11-06 18:45,12029.959,9431.032,0.000,0.000
2024-11-06 19:00,12029.959,9431.205,0.000,0.000
2024-11-06 19:15,12029.959,9431.298,0.000,0.000
2024-11-06 19:30,12029.959,9431.390,0.000,0.000
2024-11-06 19:45,12029.959,9431.466,0.000,0.000
2024-11-06 20:00,12029.959,9431.539,0.000,0.000
2024-11-06 20:15,12029.959,9431.604,0.000,0.000
2024-11-06 20:30,12029.959,9431.750,0.000,0.000
2024-11-06 20:45,12029.959,9431.785,0.000,0.000
2024-11-06 21:00,12029.959,9431.819,0.000,0.000
2024-11-06 21:15,12030.004,9431.819,0.000,0.000
2024-11-06 21:30,12030.079,9431.819,0.000,0.000
2024-11-06 21:45,12030.142,9431.819,0.000,0.000
2024-11-06 22:00,12030.285,9431.819,0.000,0.000
2024-11-06 22:15,12030.338,9431.819,0.000,0.000
2024-11-06 22:30,12030.412,9431.819,0.000,0.000
2024-11-06 22:45,12030.458,9431.819,0.000,0.000
2024-11-06 23:00,12030.624,9431.819,0.000,0.000
2024-11-06 23:15,12030.686,9431.819,0.000,0.000
2024-11-06 23:30,12030.784,9431.819,0.000,0.000
2024-11-06 23:45,12031.006,9431.819,0.000,0.000
2024-11-07 00:00,12031.089,9431.819,0.000,0.000
2024-11-07 00:15,12031.164,9431.819,0.000,0.000
2024-11-07 00:30,12031.259,9431.819,0.000,0.000
2024-11-07 00:45,12031.332,9431.819,0.000,0.000
2024-11-07 01:00,12031.389,9431.819,0.000,0.000
2024-11-07 01:15,12031.491,9431.819,0.000,0.000
2024-11-07 01:30,12031.556,9431.819,0.000,0.000
2024-11-07 01:45,12031.622,9431.819,0.000,0.000
2024-11-07 02:00,12031.682,9431.819,0.000,0.000
2024-11-07 02:15,12031.802,9431.819,0.000,0.000
2024-11-07 02:30,12031.863,9431.819,0.000,0.000
2024-11-07 02:45,12031.920,9431.819,0.000,0.000
2024-11-07 03:00,12031.966,9431.819,0.000,0.000
2024-11-07 03:15,12032.010,9431.819,0.000,0.000
2024-11-07 03:30,12032.070,9431.819,0.000,0.000
2024-11-07 03:45,12032.215,9431.819,0.000,0.000
2024-11-07 04:00,12032.271,9431.819,0.000,0.000
2024-11-07 04:15,12032.316,9431.819,0.000,0.000
2024-11-07 04:30,12032.369,9431.819,0.000,0.000
2024-11-07 04:45,12032.428,9431.819,0.000,0.000
2024-11-07 05:00,12032.474,9431.819,0.000,0.000
2024-11-07 05:15,12032.597,9431.819,0.000,0.000
2024-11-07 05:30,12032.649,9431.819,0.000,0.000
2024-11-07 05:45,12032.726,9431.819,0.000,0.000
2024-11-07 06:00,12032.788,9431.819,0.000,0.000
2024-11-07 06:15,12032.835,9431.819,0.000,0.000
2024-11-07 06:30,12032.881,9431.819,0.000,0.000
2024-11-07 06:45,12033.020,9431.819,0.000,0.000
2024-11-07 07:00,12033.071,9431.820,0.000,0.000
2024-11-07 07:15,12033.071,9431.866,0.000,0.000
2024-11-07 07:30,12033.071,9431.913,0.000,0.000
2024-11-07 07:45,12033.071,9431.993,0.000,0.000
2024-11-07 08:00,12033.071,9432.098,0.000,0.000
2024-11-07 08:15,12033.071,9432.180,0.000,0.000
2024-11-07 08:30,12033.071,9432.237,0.000,0.000
2024-11-07 08:45,12033.071,9432.319,0.000,0.000
2024-11-07 09:00,12033.071,9432.627,0.000,0.000
2024-11-07 09:15,12033.071,9432.706,0.000,0.000
2024-11-07 09:30,12033.071,9432.782,0.000,0.000
2024-11-07 09:45,12033.071,9432.977,0.000,0.000
2024-11-07 10:00,12033.071,9433.071,0.000,0.000
2024-11-07 10:15,12033.071,9433.148,0.000,0.000
2024-11-07 10:30,12033.071,9433.223,0.000,0.000
2024-11-07 10:45,12033.071,9433.303,0.000,0.000
2024-11-07 11:00,12033.071,9433.390,0.000,0.000
2024-11-07 11:15,12033.071,9433.570,0.000,0.000
2024-11-07 11:30,12033.071,9433.691,0.000,0.000
2024-11-07 11:45,12033.071,9433.778,0.000,0.000
2024-11-07 12:00,12033.071,9434.061,0.000,0.000
2024-11-07 12:15,12033.071,9434.135,0.000,0.000
2024-11-07 12:30,12033.071,9434.209,0.000,0.000
2024-11-07 12:45,12033.071,9434.344,0.000,0.000
2024-11-07 13:00,12033.071,9434.434,0.000,0.000
2024-11-07 13:15,12033.071,9434.500,0.000,0.000
2024-11-07 13:30,12033.071,9434.561,0.000,0.000
2024-11-07 13:45,12033.071,9434.655,0.000,0.000
2024-11-07 14:00,12033.071,9434.738,0.000,0.000
2024-11-07 14:15,12033.071,9434.805,0.000,0.000
2024-11-07 14:30,12033.071,9434.878,0.000,0.000
2024-11-07 14:45,12033.071,9434.948,0.000,0.000
2024-11-07 15:00,12033.071,9435.094,0.000,0.000
2024-11-07 15:15,12033.071,9435.145,0.000,0.000
2024-11-07 15:30,12033.071,9435.195,0.000,0.000
2024-11-07 15:45,12033.071,9435.263,0.000,0.000
2024-11-07 16:00,12033.071,9435.330,0.000,0.000
2024-11-07 16:15,12033.071,9435.392,0.000,0.000
2024-11-07 16:30,12033.071,9435.528,0.000,0.000
2024-11-07 16:45,12033.071,9435.597,0.000,0.000
2024-11-07 17:00,12033.071,9435.650,0.000,0.000
2024-11-07 17:15,12033.071,9435.704,0.000,0.000
2024-11-07 17:30,12033.071,9435.759,0.000,0.000
2024-11-07 17:45,12033.071,9435.996,0.000,0.000
2024-11-07 18:00,12033.071,9436.079,0.000,0.000
2024-11-07 18:15,12033.071,9436.176,0.000,0.000
2024-11-07 18:30,12033.071,9436.404,0.000,0.000
2024-11-07 18:45,12033.071,9436.501,0.000,0.000
2024-11-07 19:00,12033.071,9436.577,0.000,0.000
2024-11-07 19:15,12033.071,9436.637,0.000,0.000
2024-11-07 19:30,12033.071,9436.688,0.000,0.000
2024-11-07 19:45,12033.071,9436.754,0.000,0.000
2024-11-07 20:00,12033.071,9436.877,0.000,0.000
2024-11-07 20:15,12033.071,9436.935,0.000,0.000
2024-11-07 20:30,12033.071,9436.996,0.000,0.000
2024-11-07 20:45,12033.071,9437.061,0.000,0.000
2024-11-07 21:00,12033.073,9437.163,0.000,0.000
2024-11-07 21:15,12033.164,9437.163,0.000,0.000
2024-11-07 21:30,12033.216,9437.163,0.000,0.000
2024-11-07 21:45,12033.277,9437.163,0.000,0.000
2024-11-07 22:00,12033.348,9437.163,0.000,0.000
2024-11-07 22:15,12033.410,9437.163,0.000,0.000
2024-11-07 22:30,12033.517,9437.163,0.000,0.000
2024-11-07 22:45,12033.617,9437.163,0.000,0.000
2024-11-07 23:00,12033.683,9437.163,0.000,0.000
2024-11-07 23:15,12033.733,9437.163,0.000,0.000
2024-11-07 23:30,12033.913,9437.163,0.000,0.000
2024-11-07 23:45,12034.018,9437.163,0.000,0.000
2024-11-08 00:00,12034.148,9437.163,0.000,0.000
2024-11-08 00:15,12034.270,9437.163,0.000,0.000
2024-11-08 00:30,12034.423,9437.163,0.000,0.000
2024-11-08 00:45,12034.488,9437.163,0.000,0.000
2024-11-08 01:00,12034.565,9437.163,0.000,0.000
2024-11-08 01:15,12034.618,9437.163,0.000,0.000
2024-11-08 01:30,12034.690,9437.163,0.000,0.000
2024-11-08 01:45,12034.747,9437.163,0.000,0.000
2024-11-08 02:00,12034.824,9437.163,0.000,0.000
2024-11-08 02:15,12034.885,9437.163,0.000,0.000
2024-11-08 02:30,12034.941,9437.163,0.000,0.000
2024-11-08 02:45,12035.066,9437.163,0.000,0.000
2024-11-08 03:00,12035.125,9437.163,0.000,0.000
2024-11-08 03:15,12035.177,9437.163,0.000,0.000
2024-11-08 03:30,12035.222,9437.163,0.000,0.000
2024-11-08 03:45,12035.267,9437.163,0.000,0.000
2024-11-08 04:00,12035.400,9437.163,0.000,0.000
2024-11-08 04:15,12035.480,9437.163,0.000,0.000
2024-11-08 04:30,12035.529,9437.163,0.000,0.000
2024-11-08 04:45,12035.572,9437.163,0.000,0.000
2024-11-08 05:00,12035.627,9437.163,0.000,0.000
2024-11-08 05:15,12035.686,9437.163,0.000,0.000
2024-11-08 05:30,12035.735,9437.163,0.000,0.000
2024-11-08 05:45,12035.866,9437.163,0.000,0.000
2024-11-08 06:00,12035.932,9437.163,0.000,0.000
2024-11-08 06:15,12036.007,9437.163,0.000,0.000
2024-11-08 06:30,12036.060,9437.163,0.000,0.000
2024-11-08 06:45,12036.103,9437.163,0.000,0.000
2024-11-08 07:00,12036.147,9437.164,0.000,0.000
2024-11-08 07:15,12036.147,9437.309,0.000,0.000
2024-11-08 07:30,12036.147,9437.366,0.000,0.000
2024-11-08 07:45,12036.147,9437.422,0.000,0.000
2024-11-08 08:00,12036.147,9437.486,0.000,0.000
2024-11-08 08:15,12036.147,9437.557,0.000,0.000
2024-11-08 08:30,12036.147,9437.641,0.000,0.000
2024-11-08 08:45,12036.147,9438.068,0.000,0.000
2024-11-08 09:00,12036.147,9438.142,0.000,0.000
2024-11-08 09:15,12036.147,9438.221,0.000,0.000
2024-11-08 09:30,12036.147,9438.403,0.000,0.000
2024-11-08 09:45,12036.147,9438.474,0.000,0.000
2024-11-08 10:00,12036.147,9438.591,0.000,0.000
2024-11-08 10:15,12036.147,9438.705,0.000,0.000
2024-11-08 10:30,12036.147,9438.803,0.000,0.000
2024-11-08 10:45,12036.147,9438.921,0.000,0.000
2024-11-08 11:00,12036.147,9438.996,0.000,0.000
2024-11-08 11:15,12036.147,9439.067,0.000,0.000
2024-11-08 11:30,12036.147,9439.157,0.000,0.000
2024-11-08 11:45,12036.147,9439.235,0.000,0.000
2024-11-08 12:00,12036.147,9439.460,0.000,0.000
2024-11-08 12:15,12036.147,9439.539,0.000,0.000
2024-11-08 12:30,12036.147,9439.638,0.000,0.000
2024-11-08 12:45,12036.147,9439.796,0.000,0.000
2024-11-08 13:00,12036.147,9439.870,0.000,0.000
2024-11-08 13:15,12036.147,9439.941,0.000,0.000
2024-11-08 13:30,12036.147,9440.030,0.000,0.000
2024-11-08 13:45,12036.147,9440.114,0.000,0.000
2024-11-08 14:00,12036.147,9440.212,0.000,0.000
2024-11-08 14:15,12036.147,9440.295,0.000,0.000
2024-11-08 14:30,12036.147,9440.394,0.000,0.000
2024-11-08 14:45,12036.147,9440.495,0.000,0.000
2024-11-08 15:00,12036.147,9440.664,0.000,0.000
2024-11-08 15:15,12036.147,9440.752,0.000,0.000
2024-11-08 15:30,12036.147,9441.065,0.000,0.000
2024-11-08 15:45,12036.147,9441.172,0.000,0.000
2024-11-08 16:00,12036.147,9441.233,0.000,0.000
2024-11-08 16:15,12036.147,9441.764,0.000,0.000
2024-11-08 16:30,12036.147,9442.021,0.000,0.000
2024-11-08 16:45,12036.147,9442.386,0.000,0.000
2024-11-08 17:00,12036.147,9442.483,0.000,0.000
2024-11-08 17:15,12036.147,9442.571,0.000,0.000
2024-11-08 17:30,12036.147,9442.751,0.000,0.000
2024-11-08 17:45,12036.147,9443.047,0.000,0.000
2024-11-08 18:00,12036.147,9443.111,0.000,0.000
2024-11-08 18:15,12036.147,9443.168,0.000,0.000
2024-11-08 18:30,12036.147,9443.243,0.000,0.000
2024-11-08 18:45,12036.147,9443.377,0.000,0.000
2024-11-08 19:00,12036.147,9443.444,0.000,0.000
2024-11-08 19:15,12036.147,9443.493,0.000,0.000
2024-11-08 19:30,12036.147,9443.557,0.000,0.000
2024-11-08 19:45,12036.147,9443.631,0.000,0.000
2024-11-08 20:00,12036.147,9443.687,0.000,0.000
2024-11-08 20:15,12036.147,9443.778,0.000,0.000
2024-11-08 20:30,12036.147,9443.893,0.000,0.000
2024-11-08 20:45,12036.147,9443.980,0.000,0.000
2024-11-08 21:00,12036.149,9444.041,0.000,0.000
2024-11-08 21:15,12036.201,9444.041,0.000,0.000
2024-11-08 21:30,12036.253,9444.041,0.000,0.000
2024-11-08 21:45,12036.371,9444.041,0.000,0.000
2024-11-08 22:00,12036.460,9444.041,0.000,0.000
2024-11-08 22:15,12036.511,9444.041,0.000,0.000
2024-11-08 22:30,12036.568,9444.041,0.000,0.000
2024-11-08 22:45,12036.652,9444.041,0.000,0.000
2024-11-08 23:00,12036.725,9444.041,0.000,0.000
2024-11-08 23:15,12036.857,9444.041,0.000,0.000
2024-11-08 23:30,12036.920,9444.041,0.000,0.000
2024-11-08 23:45,12037.068,9444.041,0.000,0.000
2024-11-09 00:00,12037.160,9444.041,0.000,0.000
2024-11-09 00:15,12037.221,9444.041,0.000,0.000
2024-11-09 00:30,12037.284,9444.041,0.000,0.000
2024-11-09 00:45,12037.372,9444.041,0.000,0.000
2024-11-09 01:00,12037.450,9444.041,0.000,0.000
2024-11-09 01:15,12037.498,9444.041,0.000,0.000
2024-11-09 01:30,12037.545,9444.041,0.000,0.000
2024-11-09 01:45,12037.623,9444.041,0.000,0.000
2024-11-09 02:00,12037.740,9444.041,0.000,0.000
2024-11-09 02:15,12037.790,9444.041,0.000,0.000
2024-11-09 02:30,12037.842,9444.041,0.000,0.000
2024-11-09 02:45,12037.899,9444.041,0.000,0.000
2024-11-09 03:00,12037.970,9444.041,0.000,0.000
2024-11-09 03:15,12038.061,9444.041,0.000,0.000
2024-11-09 03:30,12038.147,9444.041,0.000,0.000
2024-11-09 03:45,12038.191,9444.041,0.000,0.000
2024-11-09 04:00,12038.247,9444.041,0.000,0.000
2024-11-09 04:15,12038.306,9444.041,0.000,0.000
2024-11-09 04:30,12038.355,9444.041,0.000,0.000
2024-11-09 04:45,12038.449,9444.041,0.000,0.000
2024-11-09 05:00,12038.557,9444.041,0.000,0.000
2024-11-09 05:15,12038.620,9444.041,0.000,0.000
2024-11-09 05:30,12038.665,9444.041,0.000,0.000
2024-11-09 05:45,12038.709,9444.041,0.000,0.000
2024-11-09 06:00,12038.756,9444.041,0.000,0.000
2024-11-09 06:15,12038.894,9444.041,0.000,0.000
2024-11-09 06:30,12038.943,9444.041,0.000,0.000
2024-11-09 06:45,12038.997,9444.041,0.000,0.000
2024-11-09 07:00,12039.052,9444.041,0.000,0.000
2024-11-09 07:15,12039.120,9444.041,0.000,0.000
2024-11-09 07:30,12039.382,9444.041,0.000,0.000
2024-11-09 07:45,12039.431,9444.041,0.000,0.000
2024-11-09 08:00,12039.485,9444.041,0.000,0.000
2024-11-09 08:15,12039.546,9444.041,0.000,0.000
2024-11-09 08:30,12039.673,9444.041,0.000,0.000
2024-11-09 08:45,12039.732,9444.041,0.000,0.000
2024-11-09 09:00,12039.795,9444.041,0.000,0.000
2024-11-09 09:15,12039.856,9444.041,0.000,0.000
2024-11-09 09:30,12039.929,9444.041,0.000,0.000
2024-11-09 09:45,12039.983,9444.041,0.000,0.000
2024-11-09 10:00,12040.040,9444.041,0.000,0.000
2024-11-09 10:15,12040.106,9444.041,0.000,0.000
2024-11-09 10:30,12040.289,9444.041,0.000,0.000
2024-11-09 10:45,12040.361,9444.041,0.000,0.000
2024-11-09 11:00,12040.522,9444.041,0.000,0.000
2024-11-09 11:15,12040.591,9444.041,0.000,0.000
2024-11-09 11:30,12040.669,9444.041,0.000,0.000
2024-11-09 11:45,12040.851,9444.041,0.000,0.000
2024-11-09 12:00,12040.923,9444.041,0.000,0.000
2024-11-09 12:15,12040.992,9444.041,0.000,0.000
2024-11-09 12:30,12041.075,9444.041,0.000,0.000
2024-11-09 12:45,12041.158,9444.041,0.000,0.000
2024-11-09 13:00,12041.240,9444.041,0.000,0.000
2024-11-09 13:15,12041.378,9444.041,0.000,0.000
2024-11-09 13:30,12041.467,9444.041,0.000,0.000
2024-11-09 13:45,12041.552,9444.041,0.000,0.000
2024-11-09 14:00,12041.623,9444.041,0.000,0.000
2024-11-09 14:15,12041.924,9444.041,0.000,0.000
2024-11-09 14:30,12042.018,9444.041,0.000,0.000
2024-11-09 14:45,12042.102,9444.041,0.000,0.000
2024-11-09 15:00,12042.305,9444.041,0.000,0.000
2024-11-09 15:15,12042.370,9444.041,0.000,0.000
2024-11-09 15:30,12042.470,9444.041,0.000,0.000
2024-11-09 15:45,12042.524,9444.041,0.000,0.000
2024-11-09 16:00,12042.592,9444.041,0.000,0.000
2024-11-09 16:15,12042.659,9444.041,0.000,0.000
2024-11-09 16:30,12042.781,9444.041,0.000,0.000
2024-11-09 16:45,12042.909,9444.041,0.000,0.000
2024-11-09 17:00,12042.985,9444.041,0.000,0.000
2024-11-09 17:15,12043.077,9444.041,0.000,0.000
2024-11-09 17:30,12043.239,9444.041,0.000,0.000
2024-11-09 17:45,12043.318,9444.041,0.000,0.000
2024-11-09 18:00,12043.397,9444.041,0.000,0.000
2024-11-09 18:15,12043.488,9444.041,0.000,0.000
2024-11-09 18:30,12043.589,9444.041,0.000,0.000
2024-11-09 18:45,12043.676,9444.041,0.000,0.000
2024-11-09 19:00,12043.821,9444.041,0.000,0.000
2024-11-09 19:15,12044.049,9444.041,0.000,0.000
2024-11-09 19:30,12044.172,9444.041,0.000,0.000
2024-11-09 19:45,12044.246,9444.041,0.000,0.000
2024-11-09 20:00,12044.369,9444.041,0.000,0.000
2024-11-09 20:15,12044.440,9444.041,0.000,0.000
2024-11-09 20:30,12044.523,9444.041,0.000,0.000
2024-11-09 20:45,12044.582,9444.041,0.000,0.000
2024-11-09 21:00,12044.674,9444.041,0.000,0.000
2024-11-09 21:15,12044.775,9444.041,0.000,0.000
2024-11-09 21:30,12044.960,9444.041,0.000,0.000
2024-11-09 21:45,12045.043,9444.041,0.000,0.000
2024-11-09 22:00,12045.122,9444.041,0.000,0.000
2024-11-09 22:15,12045.200,9444.041,0.000,0.000
2024-11-09 22:30,12045.372,9444.041,0.000,0.000
2024-11-09 22:45,12045.453,9444.041,0.000,0.000
2024-11-09 23:00,12045.534,9444.041,0.000,0.000
2024-11-09 23:15,12045.621,9444.041,0.000,0.000
2024-11-09 23:30,,9444.041,,0.000
2024-11-09 23:45,,,,
